Point,RP,Stage,Site,MZ,Experiment,Block,Treatment,NNI,WDI,B2,B3,B4,B5,B6,B7,B8,B11,B12,B8A
1,NRP,V6,1,VH,1,1,180N,1.276,1.031,0.1023,0.1241,0.1427,0.1805,0.2343,0.2624,0.2679,0.3675,0.2926,0.291
2,NRP,V6,1,VH,1,1,240N,1.274,1.034,0.104,0.1256,0.1453,0.1821,0.2402,0.2695,0.2773,0.3744,0.2963,0.2974
3,NRP,V6,1,VH,1,1,0N,1.048,0.907,0.0981,0.1202,0.1373,0.177,0.2354,0.266,0.2723,0.3678,0.2905,0.2911
4,NRP,V6,1,VH,1,1,120N,1.208,0.949,0.0999,0.1219,0.1409,0.179,0.2355,0.2653,0.269,0.37,0.2916,0.2924
5,NRP,V6,1,VH,1,1,60N,1.192,0.977,0.0991,0.1226,0.1411,0.1807,0.2426,0.272,0.2775,0.3715,0.293,0.3008
6,NRP,V6,1,VH,1,2,240N,1.334,1.005,0.1061,0.1276,0.1481,0.1856,0.2379,0.2659,0.271,0.3742,0.297,0.2924
7,NRP,V6,1,VH,1,2,120N,1.275,0.959,0.0986,0.1211,0.1386,0.178,0.2295,0.2566,0.2609,0.3563,0.2869,0.2812
8,NRP,V6,1,VH,1,2,180N,1.253,0.934,0.1006,0.1235,0.1413,0.1802,0.2308,0.2596,0.2629,0.3582,0.2873,0.2831
9,NRP,V6,1,VH,1,2,60N,1.215,1.035,0.0985,0.1221,0.1381,0.1782,0.2412,0.274,0.2781,0.3739,0.2939,0.3011
10,NRP,V6,1,VH,1,2,0N,1.165,0.999,0.1019,0.1244,0.1406,0.1808,0.2413,0.2735,0.2786,0.3735,0.2924,0.301
11,NRP,V6,1,VH,1,3,0N,1.252,0.989,0.1004,0.1213,0.1418,0.1792,0.2272,0.2552,0.262,0.381,0.3046,0.2838
12,NRP,V6,1,VH,1,3,240N,1.305,0.989,0.0985,0.1198,0.1364,0.1734,0.2323,0.2617,0.2654,0.3649,0.2881,0.2878
13,NRP,V6,1,VH,1,3,60N,1.289,1.013,0.0998,0.1217,0.1381,0.1788,0.2435,0.2756,0.2799,0.3703,0.2899,0.3018
14,NRP,V6,1,VH,1,3,120N,1.207,1.05,0.1006,0.1217,0.1375,0.1754,0.2401,0.2732,0.2776,0.3709,0.2882,0.2993
15,NRP,V6,1,VH,1,3,180N,1.259,0.97,0.1039,0.1264,0.1422,0.1835,0.2478,0.2822,0.2873,0.3747,0.2899,0.3089
16,NRP,V6,1,L,2,1,180N,1.25,0.811,0.0988,0.121,0.1458,0.1804,0.2209,0.2465,0.2531,0.383,0.3083,0.2752
17,NRP,V6,1,L,2,1,240N,1.315,0.79,0.1005,0.1242,0.1492,0.183,0.2227,0.2483,0.2531,0.3799,0.3076,0.276
18,NRP,V6,1,L,2,1,0N,1.045,0.579,0.0974,0.1211,0.1478,0.1813,0.2155,0.2388,0.2444,0.3674,0.3055,0.2655
19,NRP,V6,1,L,2,1,120N,1.259,0.754,0.0981,0.122,0.1467,0.182,0.2205,0.2451,0.2526,0.3694,0.3065,0.2705
20,NRP,V6,1,L,2,1,60N,1.238,0.741,0.1,0.1232,0.1472,0.1823,0.2221,0.2469,0.2537,0.3762,0.3074,0.2737
21,NRP,V6,1,L,2,2,240N,1.319,0.677,0.0951,0.1181,0.1421,0.1775,0.2159,0.2416,0.2479,0.3757,0.3028,0.2694
22,NRP,V6,1,L,2,2,120N,1.384,0.822,0.1022,0.1255,0.1502,0.1864,0.2233,0.2469,0.2535,0.3827,0.3098,0.2756
23,NRP,V6,1,L,2,2,180N,1.229,0.743,0.1022,0.1248,0.1525,0.1859,0.2224,0.2453,0.2534,0.3768,0.3069,0.2722
24,NRP,V6,1,L,2,2,60N,1.192,0.647,0.102,0.1241,0.1485,0.1836,0.2217,0.2445,0.2522,0.3796,0.3113,0.2726
25,NRP,V6,1,L,2,2,0N,0.852,0.739,0.0995,0.1222,0.1471,0.1801,0.218,0.2413,0.2462,0.3743,0.3097,0.2679
26,NRP,V6,1,L,2,3,0N,0.966,0.675,0.0996,0.1212,0.1466,0.1791,0.2152,0.2375,0.2435,0.3655,0.2976,0.2659
27,NRP,V6,1,L,2,3,240N,1.374,0.892,0.0995,0.1231,0.147,0.1825,0.2251,0.2512,0.2558,0.3778,0.3039,0.2786
28,NRP,V6,1,L,2,3,60N,1.254,0.89,0.0977,0.1222,0.1452,0.1816,0.2334,0.2618,0.2672,0.3822,0.3053,0.2908
29,NRP,V6,1,L,2,3,120N,1.244,0.816,0.0989,0.1224,0.1457,0.182,0.2226,0.2458,0.2531,0.3745,0.3028,0.2735
30,NRP,V6,1,L,2,3,180N,1.366,0.831,0.0981,0.1209,0.1452,0.1806,0.2175,0.2408,0.246,0.3687,0.3047,0.2687
31,NRP,V6,1,H,3,1,180N,1.291,0.953,0.0886,0.1109,0.1313,0.1678,0.2177,0.246,0.2509,0.3626,0.2872,0.2731
32,NRP,V6,1,H,3,1,240N,1.287,0.84,0.0924,0.1149,0.1381,0.1716,0.2154,0.2418,0.2493,0.367,0.2935,0.2681
33,NRP,V6,1,H,3,1,0N,1.084,0.846,0.0905,0.1141,0.1339,0.1695,0.2181,0.2454,0.2515,0.3639,0.2871,0.2697
34,NRP,V6,1,H,3,1,120N,1.281,0.853,0.0879,0.1097,0.13,0.1651,0.2122,0.2375,0.2442,0.3531,0.2781,0.2628
35,NRP,V6,1,H,3,1,60N,1.248,0.913,0.0876,0.1092,0.1293,0.1623,0.2129,0.2379,0.2444,0.3484,0.2759,0.2638
36,NRP,V6,1,H,3,2,240N,1.258,0.826,0.0902,0.1136,0.1356,0.1723,0.2242,0.2517,0.2594,0.3759,0.2957,0.2797
37,NRP,V6,1,H,3,2,120N,1.193,0.705,0.0898,0.1128,0.1353,0.1702,0.2111,0.2355,0.2401,0.359,0.2886,0.2615
38,NRP,V6,1,H,3,2,180N,1.176,0.84,0.0923,0.115,0.138,0.1732,0.2205,0.246,0.2536,0.3748,0.2942,0.274
39,NRP,V6,1,H,3,2,60N,1.153,0.864,0.0891,0.1111,0.1305,0.1664,0.214,0.2394,0.246,0.3585,0.2818,0.2644
40,NRP,V6,1,H,3,2,0N,1.249,0.789,0.0886,0.1105,0.1312,0.1639,0.2068,0.2316,0.237,0.3526,0.2821,0.2579
41,NRP,V6,1,H,3,3,0N,1.104,0.894,0.0933,0.117,0.1394,0.1764,0.2277,0.2559,0.2634,0.3797,0.2988,0.2854
42,NRP,V6,1,H,3,3,240N,1.263,0.79,0.0932,0.1152,0.1383,0.1713,0.2126,0.2376,0.2444,0.3679,0.2936,0.2645
43,NRP,V6,1,H,3,3,60N,1.161,0.725,0.094,0.1166,0.1407,0.1749,0.2172,0.2413,0.2474,0.3693,0.295,0.2677
44,NRP,V6,1,H,3,3,120N,1.332,0.778,0.0933,0.1155,0.1383,0.1724,0.2173,0.2414,0.2511,0.3648,0.2879,0.2682
45,NRP,V6,1,H,3,3,180N,1.23,0.851,0.0892,0.111,0.1315,0.164,0.2081,0.2331,0.2397,0.3495,0.2764,0.2597
46,NRP,V6,1,M,4,1,180N,1.33,0.644,0.1082,0.1307,0.1587,0.1933,0.2262,0.2488,0.2562,0.3944,0.3146,0.2769
47,NRP,V6,1,M,4,1,240N,1.398,0.747,0.1128,0.1383,0.1667,0.2042,0.2457,0.2708,0.2799,0.4113,0.3233,0.3009
48,NRP,V6,1,M,4,1,0N,1.217,0.709,0.1066,0.1309,0.1597,0.1965,0.2354,0.258,0.2656,0.4069,0.3209,0.287
49,NRP,V6,1,M,4,1,120N,1.215,0.711,0.1073,0.1301,0.1571,0.1937,0.2331,0.2576,0.2649,0.3961,0.3148,0.2868
50,NRP,V6,1,M,4,1,60N,1.245,0.846,0.1082,0.1302,0.1561,0.1921,0.234,0.2594,0.2684,0.3928,0.3122,0.2861
51,NRP,V6,1,M,4,2,240N,1.31,0.638,0.1092,0.1337,0.1591,0.1973,0.2431,0.2686,0.2762,0.4082,0.3217,0.2993
52,NRP,V6,1,M,4,2,120N,1.265,0.741,0.1105,0.1353,0.1625,0.2009,0.2412,0.266,0.2759,0.4151,0.3268,0.296
53,NRP,V6,1,M,4,2,180N,1.25,0.767,0.1071,0.1313,0.1572,0.1943,0.2321,0.2549,0.2632,0.401,0.3177,0.2848
54,NRP,V6,1,M,4,2,60N,1.236,0.798,0.1117,0.1362,0.1643,0.2002,0.2429,0.2674,0.2772,0.4065,0.3167,0.2962
55,NRP,V6,1,M,4,2,0N,1.152,0.792,0.1113,0.1359,0.1621,0.2,0.2443,0.2695,0.2796,0.4039,0.3167,0.298
56,NRP,V6,1,M,4,3,0N,1.049,0.629,0.1072,0.131,0.1588,0.1951,0.2347,0.2586,0.2637,0.4049,0.3255,0.289
57,NRP,V6,1,M,4,3,240N,1.25,0.629,0.1083,0.133,0.1594,0.1971,0.2401,0.2646,0.2729,0.4063,0.3226,0.2934
58,NRP,V6,1,M,4,3,60N,1.217,0.823,0.1064,0.13,0.155,0.1927,0.2356,0.2604,0.2701,0.3983,0.3176,0.2887
59,NRP,V6,1,M,4,3,120N,1.234,0.77,0.1043,0.1265,0.152,0.1895,0.2303,0.2538,0.2604,0.3946,0.3141,0.2833
60,NRP,V6,1,M,4,3,180N,1.216,0.819,0.1008,0.1234,0.1472,0.1821,0.2214,0.2445,0.2491,0.3769,0.3013,0.2706
61,NRP,V6,2,H,5,1,180N,1.215,0.905,0.0755,0.1029,0.1172,0.1573,0.2455,0.2785,0.293,0.3551,0.2621,0.3076
62,NRP,V6,2,H,5,1,240N,1.162,0.849,0.0806,0.1063,0.1233,0.1611,0.2333,0.2616,0.2736,0.3536,0.2696,0.2926
63,NRP,V6,2,H,5,1,0N,1.012,0.797,0.0819,0.1089,0.1257,0.1621,0.2324,0.2594,0.2723,0.3561,0.2722,0.2905
64,NRP,V6,2,H,5,1,120N,1.217,0.876,0.0791,0.104,0.1209,0.1578,0.2293,0.2569,0.27,0.3514,0.2696,0.29
65,NRP,V6,2,H,5,1,60N,1.184,0.878,0.0831,0.1081,0.1262,0.1614,0.2264,0.2529,0.2662,0.3559,0.2709,0.2815
66,NRP,V6,2,H,5,2,240N,1.198,0.867,0.0819,0.1083,0.1259,0.1622,0.2364,0.265,0.2781,0.3514,0.2677,0.305
67,NRP,V6,2,H,5,2,120N,1.134,0.809,0.0816,0.1071,0.1245,0.1614,0.2326,0.2598,0.2725,0.3551,0.2716,0.2941
68,NRP,V6,2,H,5,2,180N,1.211,0.826,0.0855,0.1105,0.1318,0.1666,0.2271,0.2513,0.2647,0.3588,0.2816,0.2821
69,NRP,V6,2,H,5,2,60N,1.073,0.893,0.0828,0.109,0.1274,0.1635,0.2285,0.2543,0.2675,0.3553,0.2768,0.281
70,NRP,V6,2,H,5,2,0N,1.061,0.863,0.0809,0.1067,0.123,0.1597,0.2273,0.2525,0.2616,0.3508,0.2659,0.2749
71,NRP,V6,2,H,5,3,0N,1.079,0.929,0.0803,0.1072,0.1242,0.1628,0.2313,0.2568,0.2703,0.3475,0.2695,0.3083
72,NRP,V6,2,H,5,3,240N,1.198,0.839,0.0821,0.1067,0.1262,0.1631,0.229,0.2563,0.2705,0.3599,0.2778,0.3005
73,NRP,V6,2,H,5,3,60N,1.21,0.885,0.0708,0.0967,0.1088,0.148,0.2325,0.2642,0.278,0.3364,0.2539,0.2963
74,NRP,V6,2,H,5,3,120N,1.159,0.929,0.0793,0.1041,0.1201,0.1559,0.2302,0.2595,0.2707,0.3494,0.2671,0.2846
75,NRP,V6,2,H,5,3,180N,1.171,0.871,0.0838,0.1088,0.1275,0.1653,0.2303,0.2555,0.2679,0.3685,0.2775,0.2751
76,NRP,V6,2,L,6,1,180N,1.083,0.859,0.0908,0.1159,0.1402,0.1768,0.2268,0.2502,0.2628,0.3885,0.2994,0.1646
77,NRP,V6,2,L,6,1,240N,1.173,0.893,0.0953,0.12,0.1474,0.182,0.2244,0.2454,0.2596,0.3943,0.3118,0.1667
78,NRP,V6,2,L,6,1,0N,1.101,0.889,0.0955,0.1218,0.1489,0.1821,0.2229,0.2439,0.2585,0.3922,0.3157,0.1797
79,NRP,V6,2,L,6,1,120N,1.23,0.91,0.0896,0.1132,0.1378,0.1739,0.2207,0.2447,0.2595,0.3828,0.3041,0.1959
80,NRP,V6,2,L,6,1,60N,1.249,0.965,0.0878,0.1147,0.1427,0.1784,0.2208,0.2411,0.2543,0.3714,0.3058,0.1894
81,NRP,V6,2,L,6,2,240N,1.215,0.953,0.101,0.1273,0.1571,0.1913,0.2321,0.2556,0.2685,0.403,0.314,0.1849
82,NRP,V6,2,L,6,2,120N,1.205,1.002,0.0941,0.1208,0.1449,0.182,0.2374,0.2638,0.2771,0.3941,0.3025,0.1966
83,NRP,V6,2,L,6,2,180N,1.22,0.939,0.0929,0.1182,0.1473,0.1797,0.2185,0.2379,0.2523,0.3805,0.3107,0.1859
84,NRP,V6,2,L,6,2,60N,1.099,0.972,0.0892,0.1153,0.1379,0.1731,0.225,0.249,0.2621,0.3812,0.2994,0.2072
85,NRP,V6,2,L,6,2,0N,1.072,0.989,0.0887,0.1153,0.143,0.1772,0.2173,0.2374,0.2484,0.3723,0.303,0.1895
86,NRP,V6,2,L,6,3,0N,1.045,0.856,0.0887,0.1142,0.1366,0.1734,0.2258,0.2491,0.2618,0.3762,0.2935,0.1898
87,NRP,V6,2,L,6,3,240N,1.18,0.899,0.0971,0.1234,0.15,0.1844,0.2405,0.2644,0.2799,0.3996,0.3039,0.2094
88,NRP,V6,2,L,6,3,60N,1.165,0.945,0.0917,0.1179,0.1413,0.1766,0.232,0.2548,0.2671,0.3845,0.296,0.2021
89,NRP,V6,2,L,6,3,120N,1.217,0.91,0.092,0.1173,0.1418,0.1764,0.2249,0.2479,0.2596,0.3827,0.298,0.2031
90,NRP,V6,2,L,6,3,180N,1.16,0.908,0.0916,0.117,0.1407,0.1756,0.2282,0.2509,0.2631,0.3836,0.2971,0.2082
91,NRP,V6,2,M,7,1,180N,1.236,0.802,0.0887,0.1136,0.1413,0.1741,0.2181,0.24,0.2519,0.3885,0.3083,0.269
92,NRP,V6,2,M,7,1,240N,1.216,0.841,0.0903,0.1143,0.1423,0.1761,0.2169,0.2381,0.2525,0.3903,0.3141,0.2693
93,NRP,V6,2,M,7,1,0N,1.058,0.722,0.0895,0.1152,0.1401,0.1764,0.224,0.2451,0.2586,0.3897,0.3075,0.2788
94,NRP,V6,2,M,7,1,120N,1.228,0.792,0.0894,0.1146,0.1389,0.1735,0.2239,0.2462,0.2602,0.3892,0.3032,0.2771
95,NRP,V6,2,M,7,1,60N,1.195,0.87,0.0916,0.1169,0.1441,0.1772,0.2228,0.2462,0.259,0.3923,0.3089,0.2653
96,NRP,V6,2,M,7,2,240N,1.192,0.823,0.0859,0.1108,0.1347,0.1696,0.2224,0.2455,0.2595,0.3857,0.3005,0.2637
97,NRP,V6,2,M,7,2,120N,1.225,0.837,0.0876,0.1134,0.1395,0.1737,0.221,0.2435,0.2566,0.3869,0.3063,0.2591
98,NRP,V6,2,M,7,2,180N,1.269,0.799,0.084,0.1092,0.132,0.1667,0.2234,0.2475,0.2609,0.3832,0.2945,0.2661
99,NRP,V6,2,M,7,2,60N,1.132,0.814,0.0844,0.109,0.1316,0.1678,0.2197,0.2418,0.2545,0.3847,0.2984,0.2644
100,NRP,V6,2,M,7,2,0N,1.018,0.799,0.0896,0.1151,0.1395,0.1752,0.2225,0.2455,0.2595,0.3935,0.3071,0.2686
101,NRP,V6,2,M,7,3,0N,0.993,0.812,0.0846,0.1094,0.1336,0.1685,0.2188,0.2419,0.2556,0.3808,0.2997,0.2692
102,NRP,V6,2,M,7,3,240N,1.244,0.855,0.0821,0.1063,0.129,0.1634,0.2183,0.2434,0.2567,0.3774,0.296,0.2715
103,NRP,V6,2,M,7,3,60N,1.194,0.894,0.0857,0.1111,0.1355,0.1706,0.217,0.2388,0.2512,0.3766,0.2992,0.2624
104,NRP,V6,2,M,7,3,120N,1.191,0.811,0.0871,0.1123,0.1359,0.1689,0.2232,0.248,0.2617,0.382,0.2972,0.2749
105,NRP,V6,2,M,7,3,180N,1.269,0.765,0.0874,0.112,0.1371,0.1711,0.2186,0.2406,0.2551,0.3815,0.301,0.2776
106,SEB,V6,3,H,8,1,60N,0.875,0.929,0.0362,0.0615,0.0727,0.1015,0.1763,0.2043,0.2103,0.2694,0.2168,0.2332
107,SEB,V6,3,H,8,1,180N,0.901,0.881,0.0386,0.0629,0.0742,0.1052,0.1772,0.2026,0.2103,0.2758,0.2225,0.2312
108,SEB,V6,3,H,8,1,240N,0.972,1.031,0.0486,0.0744,0.0824,0.1121,0.1823,0.2065,0.2248,0.2848,0.2281,0.2367
109,SEB,V6,3,H,8,1,120N,0.974,0.867,0.0439,0.0699,0.0831,0.1107,0.1737,0.1964,0.2094,0.2859,0.235,0.2267
110,SEB,V6,3,H,8,1,0N,0.881,0.862,0.04,0.0648,0.0774,0.1082,0.1761,0.1965,0.2034,0.2801,0.2309,0.2252
111,SEB,V6,3,H,8,2,0N,0.892,0.94,0.0363,0.0615,0.0677,0.0981,0.1793,0.2071,0.2151,0.2731,0.2187,0.2354
112,SEB,V6,3,H,8,2,240N,1.014,0.903,0.0387,0.0638,0.0716,0.1,0.1717,0.195,0.2098,0.2767,0.2241,0.2243
113,SEB,V6,3,H,8,2,120N,0.964,0.888,0.0461,0.0727,0.0874,0.1134,0.1743,0.1998,0.2113,0.2877,0.2394,0.2283
114,SEB,V6,3,H,8,2,180N,0.999,0.908,0.0428,0.0679,0.0799,0.1113,0.1729,0.1959,0.2077,0.2851,0.235,0.2243
115,SEB,V6,3,H,8,2,60N,0.892,0.866,0.0412,0.0652,0.0755,0.1026,0.169,0.1956,0.2037,0.2817,0.2292,0.2254
116,SEB,V6,3,H,8,3,180N,0.617,0.966,0.0342,0.0594,0.0674,0.0955,0.1699,0.1966,0.2099,0.2754,0.2241,0.2267
117,SEB,V6,3,H,8,3,120N,0.942,0.843,0.0376,0.0632,0.0726,0.0976,0.167,0.191,0.2044,0.2768,0.2294,0.2234
118,SEB,V6,3,H,8,3,60N,0.867,0.878,0.0382,0.0627,0.0755,0.1035,0.1713,0.1933,0.2067,0.2753,0.2288,0.2216
119,SEB,V6,3,H,8,3,0N,0.834,0.905,0.0371,0.0611,0.0704,0.0977,0.1694,0.1938,0.2048,0.2747,0.226,0.2228
120,SEB,V6,3,H,8,3,240N,1.021,0.914,0.0395,0.0626,0.0754,0.0997,0.1578,0.1802,0.1938,0.2813,0.2306,0.2119
121,SEB,V6,3,L,9,1,60N,0.985,0.778,0.0348,0.0588,0.0704,0.0958,0.1484,0.1676,0.1847,0.2793,0.2391,0.1962
122,SEB,V6,3,L,9,1,180N,0.889,0.777,0.0359,0.0586,0.0737,0.0972,0.1476,0.1663,0.183,0.2834,0.2423,0.1951
123,SEB,V6,3,L,9,1,240N,0.893,0.766,0.0382,0.0615,0.0783,0.1023,0.1524,0.1723,0.1867,0.288,0.2447,0.2003
124,SEB,V6,3,L,9,1,120N,0.927,0.778,0.0407,0.0639,0.0815,0.1055,0.1557,0.1768,0.1888,0.2946,0.2549,0.2058
125,SEB,V6,3,L,9,1,0N,0.939,0.753,0.0431,0.0666,0.0849,0.1092,0.158,0.1772,0.1927,0.299,0.2587,0.2088
126,SEB,V6,3,L,9,2,0N,0.895,0.756,0.0391,0.0625,0.0781,0.1046,0.1588,0.1793,0.1945,0.2992,0.2589,0.209
127,SEB,V6,3,L,9,2,240N,0.903,0.757,0.0409,0.0646,0.083,0.1061,0.1489,0.1685,0.1838,0.3001,0.2589,0.199
128,SEB,V6,3,L,9,2,120N,1.064,0.786,0.0359,0.0593,0.0729,0.0999,0.1561,0.1766,0.1922,0.284,0.2443,0.2055
129,SEB,V6,3,L,9,2,180N,0.922,0.787,0.0351,0.0608,0.076,0.1014,0.1616,0.1819,0.1976,0.2851,0.2405,0.2118
130,SEB,V6,3,L,9,2,60N,1.112,0.802,0.0355,0.0598,0.0742,0.0987,0.155,0.1763,0.1916,0.2802,0.2407,0.2042
131,SEB,V6,3,L,9,3,180N,1.031,0.747,0.0393,0.0644,0.0815,0.107,0.163,0.1823,0.1997,0.2983,0.2556,0.2129
132,SEB,V6,3,L,9,3,120N,0.812,0.695,0.0388,0.0635,0.0792,0.1036,0.158,0.1768,0.1943,0.2873,0.2461,0.2048
133,SEB,V6,3,L,9,3,60N,0.985,0.742,0.0398,0.0622,0.0797,0.1041,0.1507,0.1698,0.1858,0.2926,0.2516,0.1995
134,SEB,V6,3,L,9,3,0N,0.88,0.725,0.04,0.0639,0.0798,0.106,0.155,0.1753,0.1892,0.2935,0.2542,0.2045
135,SEB,V6,3,L,9,3,240N,0.933,0.757,0.0378,0.062,0.0782,0.104,0.1572,0.1786,0.1956,0.2873,0.2415,0.2088
136,SEB,V6,4,H,10,1,0N,1.088,1.05,0.0525,0.0741,0.0827,0.114,0.1941,0.2267,0.2434,0.3018,0.2195,0.2537
137,SEB,V6,4,H,10,1,180N,1.142,0.938,0.0587,0.0792,0.0923,0.1208,0.1964,0.2282,0.2431,0.3145,0.2296,0.2567
138,SEB,V6,4,H,10,1,240N,1.039,0.847,0.0548,0.0756,0.0868,0.1154,0.1912,0.2228,0.238,0.3024,0.2239,0.2505
139,SEB,V6,4,H,10,1,120N,1.038,0.944,0.0503,0.0718,0.0809,0.1107,0.1872,0.2207,0.2348,0.2947,0.2168,0.2476
140,SEB,V6,4,H,10,1,60N,0.836,0.944,0.0518,0.0725,0.0831,0.1115,0.189,0.2214,0.2364,0.2938,0.2137,0.2485
141,SEB,V6,4,H,10,2,60N,0.982,1.012,0.0477,0.069,0.0768,0.1079,0.1863,0.2185,0.2327,0.2952,0.2147,0.2447
142,SEB,V6,4,H,10,2,240N,1.073,0.99,0.0527,0.0754,0.0863,0.1165,0.1925,0.2251,0.2401,0.3094,0.2257,0.2531
143,SEB,V6,4,H,10,2,120N,1.142,0.979,0.0527,0.0729,0.0845,0.1164,0.1902,0.2218,0.2345,0.3083,0.2278,0.2484
144,SEB,V6,4,H,10,2,180N,1.094,0.994,0.0542,0.0744,0.0867,0.1146,0.1928,0.226,0.2423,0.3051,0.222,0.2549
145,SEB,V6,4,H,10,2,0N,1.124,1.008,0.0494,0.0699,0.0797,0.108,0.1892,0.2224,0.237,0.294,0.2118,0.2501
146,SEB,V6,4,H,10,3,180N,1.168,0.831,0.0499,0.0716,0.0816,0.1088,0.1899,0.2223,0.2396,0.2965,0.2157,0.2486
147,SEB,V6,4,H,10,3,120N,1.042,0.981,0.0492,0.0705,0.08,0.1105,0.1913,0.2222,0.237,0.2989,0.2166,0.2488
148,SEB,V6,4,H,10,3,60N,1.226,0.957,0.0527,0.0732,0.084,0.1133,0.1889,0.221,0.2362,0.3038,0.2244,0.2472
149,SEB,V6,4,H,10,3,0N,0.949,1.106,0.0532,0.0839,0.0858,0.1141,0.1918,0.2245,0.241,0.3007,0.2194,0.253
150,SEB,V6,4,H,10,3,240N,1.13,0.999,0.0491,0.0714,0.0794,0.1107,0.197,0.234,0.2513,0.2969,0.2108,0.259
156,SEB,V6,4,L,11,4,180N,1.078,0.768,0.0616,0.0838,0.0987,0.1273,0.1971,0.2274,0.2456,0.3308,0.2528,0.2554
157,SEB,V6,4,L,11,2,60N,1.061,0.69,0.06,0.0801,0.0939,0.1232,0.1902,0.221,0.2358,0.3176,0.2451,0.2478
158,SEB,V6,4,L,11,2,240N,1.076,0.714,0.0556,0.0759,0.088,0.1157,0.1887,0.2186,0.2329,0.307,0.2361,0.2435
159,SEB,V6,4,L,11,2,120N,1.079,0.6,0.0569,0.0775,0.0892,0.1171,0.1883,0.2209,0.2348,0.3069,0.2346,0.2487
160,SEB,V6,4,L,11,2,180N,1.081,0.761,0.0585,0.0793,0.0899,0.1205,0.1937,0.2256,0.2381,0.3102,0.2344,0.251
161,SEB,V6,4,L,11,2,0N,1,0.751,0.0562,0.0779,0.0884,0.1188,0.1942,0.2262,0.239,0.3063,0.2333,0.2517
162,SEB,V6,4,L,11,4,0N,0.999,0.559,0.0648,0.0883,0.1053,0.1369,0.1992,0.2281,0.2449,0.3509,0.2722,0.2579
163,SEB,V6,4,L,11,4,240N,1.078,0.666,0.067,0.0892,0.1073,0.138,0.2042,0.2349,0.2523,0.3534,0.2679,0.2658
164,SEB,V6,4,L,11,4,60N,1.115,0.663,0.0665,0.0897,0.1073,0.1386,0.2046,0.2363,0.2543,0.3497,0.2654,0.2666
165,SEB,V6,4,L,11,4,120N,0.953,0.814,0.0649,0.0876,0.103,0.1359,0.2039,0.2355,0.2514,0.342,0.2577,0.2643
166,SEB,V6,4,L,11,3,180N,0.996,0.661,0.061,0.0826,0.0961,0.1255,0.195,0.2273,0.2426,0.3239,0.2469,0.2542
167,SEB,V6,4,L,11,3,120N,1.087,0.745,0.0594,0.0797,0.0916,0.1196,0.1885,0.2206,0.2333,0.3124,0.2402,0.2454
168,SEB,V6,4,L,11,3,60N,1.036,0.555,0.0546,0.0756,0.0864,0.1176,0.188,0.2207,0.2334,0.3078,0.2344,0.2455
169,SEB,V6,4,L,11,3,0N,0.981,0.732,0.055,0.0761,0.0875,0.1161,0.1863,0.2173,0.2307,0.3029,0.2331,0.2431
170,SEB,V6,4,L,11,3,240N,1.171,0.876,0.0553,0.0752,0.087,0.1168,0.1858,0.2161,0.2302,0.303,0.2323,0.2428
1,NRP,V10,1,VH,1,1,180N,1.18,1.232,0.0346,0.0651,0.0516,0.0982,0.278,0.3423,0.3508,0.2586,0.151,0.3665
2,NRP,V10,1,VH,1,1,240N,1.238,1.36,0.0306,0.0588,0.0467,0.0889,0.2792,0.3585,0.3658,0.248,0.1395,0.3781
3,NRP,V10,1,VH,1,1,0N,0.934,1.37,0.0285,0.058,0.0427,0.0888,0.2847,0.3563,0.3645,0.2458,0.1376,0.3786
4,NRP,V10,1,VH,1,1,120N,1.17,1.34,0.0272,0.0554,0.0403,0.0836,0.2822,0.359,0.3682,0.2404,0.131,0.3824
5,NRP,V10,1,VH,1,1,60N,1.114,1.288,0.0264,0.0562,0.0413,0.084,0.2773,0.3518,0.3594,0.2386,0.1311,0.3706
6,NRP,V10,1,VH,1,2,240N,1.29,1.366,0.0346,0.0643,0.0523,0.0975,0.279,0.3492,0.3565,0.2612,0.1514,0.3701
7,NRP,V10,1,VH,1,2,120N,1.053,1.237,0.0359,0.0671,0.0554,0.1012,0.2693,0.3252,0.3356,0.261,0.1544,0.3468
8,NRP,V10,1,VH,1,2,180N,1.203,1.156,0.0408,0.0737,0.0627,0.1118,0.2628,0.3127,0.3197,0.2688,0.1654,0.3333
9,NRP,V10,1,VH,1,2,60N,1.367,1.365,0.0275,0.0555,0.0415,0.0849,0.2821,0.3582,0.3695,0.2414,0.1323,0.3779
10,NRP,V10,1,VH,1,2,0N,0.966,1.321,0.0277,0.0569,0.0405,0.0868,0.2833,0.3587,0.3665,0.2426,0.1321,0.3804
11,NRP,V10,1,VH,1,3,0N,1.042,1.229,0.0414,0.07,0.062,0.1004,0.2694,0.3314,0.3378,0.2737,0.1644,0.359
12,NRP,V10,1,VH,1,3,240N,1.426,1.413,0.0288,0.0565,0.0435,0.0849,0.2753,0.3511,0.3564,0.2472,0.1383,0.3732
13,NRP,V10,1,VH,1,3,60N,1.144,1.322,0.027,0.0552,0.0405,0.0825,0.282,0.3594,0.3665,0.2393,0.1307,0.3824
14,NRP,V10,1,VH,1,3,120N,1.364,1.335,0.0239,0.0514,0.0359,0.0779,0.2869,0.3741,0.3805,0.2332,0.1241,0.3933
15,NRP,V10,1,VH,1,3,180N,1.41,1.465,0.0257,0.0536,0.0379,0.0806,0.2841,0.37,0.378,0.2345,0.1254,0.3924
16,NRP,V10,1,L,2,1,180N,1.038,1.054,0.043,0.0745,0.065,0.1129,0.2709,0.3236,0.3351,0.2842,0.1744,0.3498
17,NRP,V10,1,L,2,1,240N,1.204,1.216,0.0345,0.0637,0.0527,0.0998,0.2717,0.3338,0.3469,0.2645,0.1585,0.3582
18,NRP,V10,1,L,2,1,0N,0.578,0.896,0.0582,0.0893,0.0907,0.1344,0.2448,0.2794,0.2914,0.31,0.2106,0.3054
19,NRP,V10,1,L,2,1,120N,0.861,0.878,0.0471,0.0798,0.0754,0.1218,0.2512,0.293,0.3033,0.2889,0.1916,0.3173
20,NRP,V10,1,L,2,1,60N,0.909,1.033,0.0432,0.0752,0.066,0.1139,0.2594,0.3069,0.3189,0.281,0.1783,0.3317
21,NRP,V10,1,L,2,2,240N,1.155,1.089,0.0424,0.0734,0.0641,0.112,0.2706,0.3258,0.3384,0.2863,0.1762,0.3505
22,NRP,V10,1,L,2,2,120N,0.97,0.944,0.0509,0.0839,0.0768,0.1245,0.262,0.3061,0.3152,0.2955,0.1898,0.3309
23,NRP,V10,1,L,2,2,180N,1.202,1.098,0.0444,0.0765,0.0676,0.1181,0.2701,0.3195,0.3323,0.2855,0.1785,0.346
24,NRP,V10,1,L,2,2,60N,0.866,1.02,0.0452,0.0764,0.0686,0.1151,0.2618,0.3111,0.3203,0.2883,0.1825,0.3351
25,NRP,V10,1,L,2,2,0N,0.76,0.909,0.046,0.0752,0.0703,0.1152,0.2514,0.2976,0.3097,0.2884,0.1861,0.323
26,NRP,V10,1,L,2,3,0N,0.79,0.958,0.049,0.0802,0.075,0.1213,0.2592,0.3035,0.3157,0.2961,0.1892,0.3297
27,NRP,V10,1,L,2,3,240N,1.115,0.999,0.0503,0.0831,0.0777,0.1252,0.2647,0.3086,0.3191,0.2935,0.1884,0.3345
28,NRP,V10,1,L,2,3,60N,1.158,1.271,0.0304,0.0592,0.0446,0.0904,0.2776,0.3555,0.3681,0.2478,0.1411,0.3761
29,NRP,V10,1,L,2,3,120N,1.143,1.216,0.0364,0.0669,0.055,0.1021,0.2722,0.3365,0.3461,0.264,0.158,0.3574
30,NRP,V10,1,L,2,3,180N,1.074,1.026,0.0483,0.0799,0.0734,0.1208,0.2566,0.2998,0.311,0.2906,0.189,0.3254
31,NRP,V10,1,H,3,1,180N,1.214,1.195,0.0272,0.057,0.0413,0.0881,0.2795,0.353,0.3619,0.2418,0.1361,0.3751
32,NRP,V10,1,H,3,1,240N,1.17,1.202,0.032,0.0627,0.0486,0.0964,0.2777,0.3435,0.3537,0.2542,0.1472,0.3643
33,NRP,V10,1,H,3,1,0N,1.147,1.117,0.0283,0.0565,0.0426,0.0862,0.2784,0.3523,0.3619,0.2459,0.1389,0.3747
34,NRP,V10,1,H,3,1,120N,1.317,1.326,0.0264,0.054,0.0392,0.082,0.2823,0.3658,0.3751,0.2379,0.1301,0.387
35,NRP,V10,1,H,3,1,60N,1.114,1.296,0.0271,0.0563,0.0412,0.086,0.2802,0.3566,0.37,0.2452,0.1378,0.3782
36,NRP,V10,1,H,3,2,240N,1.318,1.247,0.0318,0.0605,0.0473,0.0923,0.2767,0.3474,0.358,0.2547,0.1462,0.3715
37,NRP,V10,1,H,3,2,120N,1.079,1.001,0.0385,0.0704,0.0602,0.1064,0.271,0.3283,0.3376,0.2687,0.1621,0.3525
38,NRP,V10,1,H,3,2,180N,1.184,1.31,0.0307,0.061,0.0466,0.0915,0.2789,0.353,0.361,0.2544,0.1458,0.3733
39,NRP,V10,1,H,3,2,60N,1.117,1.243,0.043,0.071,0.0665,0.1063,0.2682,0.3306,0.3389,0.2865,0.1754,0.3562
40,NRP,V10,1,H,3,2,0N,0.89,1.049,0.0361,0.0663,0.0556,0.0984,0.2664,0.3286,0.337,0.265,0.1578,0.352
41,NRP,V10,1,H,3,3,0N,0.972,1.259,0.027,0.0563,0.0406,0.0853,0.2891,0.3713,0.3849,0.2446,0.1349,0.3942
42,NRP,V10,1,H,3,3,240N,1.179,1.021,0.0473,0.0791,0.0738,0.1173,0.2639,0.3141,0.3215,0.2886,0.183,0.3389
43,NRP,V10,1,H,3,3,60N,1.083,1.252,0.032,0.0613,0.0499,0.0955,0.2758,0.3474,0.3587,0.2599,0.1505,0.3711
44,NRP,V10,1,H,3,3,120N,1.019,1.211,0.0393,0.0685,0.0595,0.1034,0.2767,0.3398,0.3512,0.2708,0.1628,0.3637
45,NRP,V10,1,H,3,3,180N,1.287,1.178,0.0304,0.0598,0.0451,0.0906,0.2842,0.3596,0.3703,0.2516,0.1411,0.3809
46,NRP,V10,1,M,4,1,180N,1.224,1.117,0.0459,0.0821,0.0673,0.1229,0.2846,0.3342,0.344,0.2935,0.1815,0.3565
47,NRP,V10,1,M,4,1,240N,1.38,1.107,0.0476,0.0827,0.0688,0.123,0.2914,0.3443,0.3553,0.2947,0.1792,0.3674
48,NRP,V10,1,M,4,1,0N,0.854,0.939,0.0541,0.0874,0.0828,0.1268,0.2822,0.3342,0.347,0.3094,0.1908,0.3608
49,NRP,V10,1,M,4,1,120N,1.19,1.082,0.0446,0.0774,0.0651,0.1133,0.2803,0.3398,0.3491,0.2881,0.1754,0.3621
50,NRP,V10,1,M,4,1,60N,1.266,1.063,0.0404,0.0713,0.0603,0.1073,0.2788,0.3408,0.3487,0.2793,0.1684,0.3642
51,NRP,V10,1,M,4,2,240N,1.536,1.249,0.0386,0.0703,0.0572,0.1059,0.2865,0.3494,0.3592,0.2787,0.1664,0.3737
52,NRP,V10,1,M,4,2,120N,1.184,1.127,0.0446,0.0792,0.0659,0.1211,0.2875,0.3414,0.3536,0.2962,0.1808,0.3654
53,NRP,V10,1,M,4,2,180N,1.312,1.119,0.0455,0.0775,0.0665,0.1153,0.2839,0.3413,0.3493,0.2872,0.1744,0.3634
54,NRP,V10,1,M,4,2,60N,1.19,1.072,0.0411,0.0719,0.0598,0.1069,0.2853,0.347,0.3565,0.2804,0.1651,0.3698
55,NRP,V10,1,M,4,2,0N,1.026,1.055,0.0452,0.0765,0.0653,0.1129,0.2878,0.3485,0.3578,0.2883,0.1721,0.3722
56,NRP,V10,1,M,4,3,0N,0.907,0.939,0.0477,0.0798,0.0719,0.1182,0.271,0.3221,0.3308,0.2968,0.1886,0.3473
57,NRP,V10,1,M,4,3,240N,1.099,1.167,0.0376,0.0696,0.0543,0.1043,0.2928,0.3636,0.3732,0.2724,0.1593,0.3856
58,NRP,V10,1,M,4,3,60N,1.244,1.105,0.0391,0.0727,0.058,0.1076,0.2825,0.3414,0.348,0.2766,0.1641,0.3658
59,NRP,V10,1,M,4,3,120N,1.215,1.115,0.0421,0.0751,0.0617,0.1124,0.2824,0.3385,0.3483,0.2802,0.1701,0.3612
60,NRP,V10,1,M,4,3,180N,1.374,1.201,0.0374,0.0676,0.0535,0.1003,0.282,0.347,0.3561,0.2644,0.1551,0.3672
61,NRP,V10,2,H,5,1,180N,1.244,1.355,0.0251,0.0497,0.0319,0.0724,0.2826,0.388,0.4073,0.2005,0.1014,0.4081
62,NRP,V10,2,H,5,1,240N,1.313,1.189,0.0275,0.0515,0.0353,0.0717,0.2744,0.3711,0.3851,0.2009,0.103,0.3925
63,NRP,V10,2,H,5,1,0N,0.941,1.209,0.0307,0.0578,0.0388,0.0808,0.2816,0.3635,0.3768,0.2082,0.1107,0.3813
64,NRP,V10,2,H,5,1,120N,1.148,1.163,0.026,0.05,0.0315,0.071,0.2793,0.3763,0.3959,0.1993,0.1018,0.3975
65,NRP,V10,2,H,5,1,60N,1.072,1.298,0.0274,0.0519,0.0328,0.0729,0.2768,0.3693,0.3856,0.2011,0.1037,0.3888
66,NRP,V10,2,H,5,2,240N,1.173,1.143,0.026,0.0502,0.0331,0.0722,0.2735,0.3718,0.3896,0.2002,0.1042,0.393
67,NRP,V10,2,H,5,2,120N,1.127,1.228,0.0266,0.051,0.0338,0.0713,0.2761,0.3727,0.3893,0.1993,0.1027,0.3943
68,NRP,V10,2,H,5,2,180N,1.068,1.175,0.031,0.0554,0.0418,0.0783,0.2582,0.3415,0.3554,0.2134,0.119,0.3632
69,NRP,V10,2,H,5,2,60N,1.081,1.149,0.0325,0.0572,0.0428,0.0817,0.2613,0.3402,0.3549,0.2156,0.1208,0.3601
70,NRP,V10,2,H,5,2,0N,0.776,1.147,0.0301,0.0575,0.0371,0.0796,0.2798,0.3611,0.3766,0.2081,0.1098,0.38
71,NRP,V10,2,H,5,3,0N,0.753,1.29,0.0282,0.0564,0.0368,0.081,0.2808,0.3623,0.379,0.2073,0.1113,0.382
72,NRP,V10,2,H,5,3,240N,1.261,1.221,0.031,0.0544,0.0409,0.0784,0.2654,0.3502,0.3682,0.2124,0.1163,0.3733
73,NRP,V10,2,H,5,3,60N,1.076,1.491,0.0218,0.0452,0.025,0.0633,0.2865,0.405,0.4259,0.1818,0.0881,0.4264
74,NRP,V10,2,H,5,3,120N,1.122,1.233,0.0264,0.0506,0.0332,0.0718,0.273,0.3676,0.3867,0.2017,0.1045,0.3887
75,NRP,V10,2,H,5,3,180N,1.063,1.281,0.0291,0.0539,0.0363,0.0751,0.2752,0.3685,0.3839,0.2106,0.1091,0.3886
76,NRP,V10,2,L,6,1,180N,1.077,1.416,0.035,0.0575,0.0454,0.0829,0.2637,0.3432,0.3615,0.2324,0.1306,0.3663
77,NRP,V10,2,L,6,1,240N,1.206,1.268,0.0356,0.0596,0.0465,0.0864,0.2691,0.346,0.3683,0.2381,0.1346,0.368
78,NRP,V10,2,L,6,1,0N,0.726,1.167,0.0445,0.0729,0.0613,0.1049,0.2609,0.3153,0.3301,0.2565,0.1591,0.3369
79,NRP,V10,2,L,6,1,120N,1.067,1.342,0.0331,0.0581,0.0417,0.0835,0.2729,0.3531,0.375,0.2318,0.129,0.374
80,NRP,V10,2,L,6,1,60N,0.881,1.052,0.041,0.0664,0.0593,0.0998,0.2482,0.3066,0.3247,0.2477,0.1551,0.3296
81,NRP,V10,2,L,6,2,240N,1.133,1.252,0.0379,0.062,0.0501,0.0883,0.2694,0.3466,0.3645,0.241,0.1361,0.37
82,NRP,V10,2,L,6,2,120N,1.066,1.32,0.0356,0.0611,0.0472,0.0878,0.2747,0.3542,0.3721,0.2358,0.1314,0.3754
83,NRP,V10,2,L,6,2,180N,0.978,1.17,0.042,0.0672,0.0592,0.0967,0.2568,0.3212,0.3354,0.2486,0.1523,0.3423
84,NRP,V10,2,L,6,2,60N,0.939,1.222,0.0375,0.0631,0.0505,0.0908,0.2644,0.3324,0.3482,0.2372,0.1389,0.3536
85,NRP,V10,2,L,6,2,0N,0.614,1.022,0.0406,0.0698,0.0549,0.0999,0.2636,0.3184,0.3364,0.2438,0.1458,0.3399
86,NRP,V10,2,L,6,3,0N,0.555,1.124,0.0411,0.0686,0.0575,0.0986,0.2637,0.3234,0.3376,0.2449,0.1461,0.345
87,NRP,V10,2,L,6,3,240N,1.068,1.289,0.0347,0.0577,0.0444,0.0814,0.2716,0.3576,0.3751,0.2274,0.123,0.3782
88,NRP,V10,2,L,6,3,60N,1.096,1.319,0.0331,0.0587,0.0426,0.0826,0.2751,0.357,0.3731,0.2242,0.122,0.3783
89,NRP,V10,2,L,6,3,120N,1.021,1.163,0.0394,0.0643,0.0525,0.0909,0.2612,0.3304,0.3419,0.236,0.1356,0.3519
90,NRP,V10,2,L,6,3,180N,1.105,1.387,0.0306,0.0553,0.0389,0.0795,0.2725,0.3575,0.376,0.2199,0.1171,0.3793
91,NRP,V10,2,M,7,1,180N,1.224,1.315,0.0298,0.0546,0.0373,0.0769,0.2742,0.3608,0.3778,0.2185,0.1159,0.3801
92,NRP,V10,2,M,7,1,240N,1.109,1.172,0.0325,0.0571,0.0437,0.0829,0.264,0.3401,0.3575,0.2308,0.1298,0.3603
93,NRP,V10,2,M,7,1,0N,0.746,1.09,0.0332,0.0629,0.0439,0.0905,0.283,0.3515,0.3691,0.232,0.129,0.3724
94,NRP,V10,2,M,7,1,120N,1.107,1.187,0.031,0.0556,0.0398,0.0797,0.2727,0.3543,0.3709,0.2241,0.1216,0.3751
95,NRP,V10,2,M,7,1,60N,0.907,1.19,0.0321,0.0585,0.042,0.0829,0.2723,0.3516,0.3693,0.228,0.1257,0.372
96,NRP,V10,2,M,7,2,240N,1.132,1.362,0.0292,0.0526,0.036,0.0744,0.2757,0.3659,0.3826,0.2156,0.1129,0.3865
97,NRP,V10,2,M,7,2,120N,1.07,1.347,0.031,0.0559,0.0397,0.0797,0.2727,0.3536,0.372,0.2235,0.1214,0.3755
98,NRP,V10,2,M,7,2,180N,1.157,1.342,0.0267,0.0507,0.0337,0.0723,0.2752,0.3698,0.3868,0.2086,0.1079,0.3911
99,NRP,V10,2,M,7,2,60N,0.969,1.154,0.0291,0.0546,0.0375,0.0776,0.2723,0.3551,0.3721,0.2179,0.1167,0.3749
100,NRP,V10,2,M,7,2,0N,0.75,1.115,0.0348,0.0635,0.046,0.0902,0.2791,0.3473,0.3643,0.2357,0.1316,0.369
101,NRP,V10,2,M,7,3,0N,0.721,1.145,0.0324,0.0606,0.0427,0.087,0.2774,0.3484,0.364,0.2254,0.1231,0.3692
102,NRP,V10,2,M,7,3,240N,1.132,1.307,0.0279,0.0523,0.0349,0.0746,0.2737,0.3621,0.3831,0.2155,0.1137,0.384
103,NRP,V10,2,M,7,3,60N,0.794,1.174,0.0315,0.0578,0.0425,0.0835,0.2698,0.3452,0.363,0.2247,0.1244,0.3673
104,NRP,V10,2,M,7,3,120N,1.11,1.295,0.0284,0.0535,0.0371,0.0764,0.2741,0.3626,0.3806,0.2167,0.1144,0.3837
105,NRP,V10,2,M,7,3,180N,1.269,1.213,0.0309,0.0559,0.0413,0.0809,0.2712,0.3537,0.3699,0.2248,0.1233,0.375
106,SEB,V10,3,H,8,1,60N,0.587,0.739,0.0236,0.0466,0.0431,0.0754,0.1906,0.2289,0.2421,0.2411,0.176,0.2536
107,SEB,V10,3,H,8,1,180N,0.685,0.595,0.0237,0.0484,0.0444,0.0793,0.1916,0.233,0.247,0.2496,0.1806,0.2566
108,SEB,V10,3,H,8,1,240N,0.878,0.564,0.0243,0.049,0.0436,0.0799,0.1985,0.2427,0.26,0.2527,0.1811,0.2684
109,SEB,V10,3,H,8,1,120N,0.815,0.578,0.0269,0.0509,0.0474,0.0803,0.1932,0.2326,0.2455,0.2541,0.1868,0.2589
110,SEB,V10,3,H,8,1,0N,0.72,0.711,0.0282,0.051,0.0498,0.0812,0.1857,0.2226,0.2355,0.2578,0.193,0.252
111,SEB,V10,3,H,8,2,0N,0.893,0.49,0.021,0.0459,0.0379,0.0738,0.1985,0.2428,0.258,0.2409,0.1721,0.2664
112,SEB,V10,3,H,8,2,240N,0.821,0.557,0.0226,0.0465,0.0422,0.0752,0.1948,0.2382,0.2497,0.2444,0.1735,0.2611
113,SEB,V10,3,H,8,2,120N,0.826,0.52,0.0285,0.0506,0.0517,0.0822,0.1908,0.228,0.2398,0.2573,0.1935,0.2512
114,SEB,V10,3,H,8,2,180N,0.811,0.564,0.0297,0.0527,0.0537,0.0846,0.1933,0.2312,0.2456,0.2639,0.1953,0.2597
115,SEB,V10,3,H,8,2,60N,0.825,0.627,0.0251,0.0475,0.0444,0.0784,0.1915,0.2323,0.2457,0.2537,0.185,0.2544
116,SEB,V10,3,H,8,3,180N,0.879,0.582,0.0216,0.0461,0.0398,0.0743,0.1972,0.2423,0.2555,0.2432,0.1727,0.2657
117,SEB,V10,3,H,8,3,120N,0.734,0.619,0.0274,0.051,0.0491,0.0797,0.1851,0.227,0.2388,0.2493,0.1844,0.2521
118,SEB,V10,3,H,8,3,60N,0.836,0.676,0.0255,0.0495,0.0475,0.0781,0.1857,0.2281,0.2418,0.2476,0.1835,0.2506
119,SEB,V10,3,H,8,3,0N,0.818,0.595,0.0239,0.0475,0.0417,0.0755,0.1925,0.237,0.2498,0.2452,0.1769,0.2586
120,SEB,V10,3,H,8,3,240N,0.936,0.575,0.0228,0.0462,0.0406,0.0735,0.1918,0.2331,0.2482,0.2472,0.1744,0.2586
121,SEB,V10,3,L,9,1,60N,0.765,0.873,0.0287,0.0509,0.0521,0.0841,0.1762,0.2074,0.2202,0.2663,0.2032,0.2354
122,SEB,V10,3,L,9,1,180N,0.935,0.894,0.0288,0.0503,0.0511,0.0841,0.1734,0.208,0.2228,0.2706,0.2077,0.2346
123,SEB,V10,3,L,9,1,240N,0.965,0.873,0.027,0.049,0.0505,0.0828,0.1778,0.2108,0.2257,0.2678,0.2021,0.2343
124,SEB,V10,3,L,9,1,120N,0.894,0.804,0.0325,0.0553,0.0608,0.09,0.1703,0.202,0.2182,0.2852,0.2256,0.229
125,SEB,V10,3,L,9,1,0N,0.672,0.878,0.0323,0.0545,0.0573,0.0924,0.1816,0.2148,0.2337,0.2881,0.2244,0.2411
126,SEB,V10,3,L,9,2,0N,0.817,0.917,0.0336,0.0545,0.0576,0.0896,0.1778,0.2131,0.2244,0.2836,0.2203,0.24
127,SEB,V10,3,L,9,2,240N,0.786,0.817,0.0309,0.0545,0.0573,0.0877,0.1794,0.212,0.2268,0.2849,0.2184,0.2388
128,SEB,V10,3,L,9,2,120N,0.879,0.843,0.0298,0.0516,0.0533,0.0848,0.1736,0.2052,0.2178,0.2709,0.2105,0.2324
129,SEB,V10,3,L,9,2,180N,0.907,0.878,0.0273,0.0512,0.0488,0.0852,0.1859,0.2191,0.2346,0.2688,0.2012,0.247
130,SEB,V10,3,L,9,2,60N,0.689,0.821,0.0288,0.0522,0.0514,0.0854,0.183,0.218,0.2306,0.2667,0.2038,0.2427
131,SEB,V10,3,L,9,3,180N,0.879,0.858,0.0324,0.0553,0.0568,0.0918,0.1844,0.2203,0.2377,0.283,0.2168,0.2469
132,SEB,V10,3,L,9,3,120N,0.863,0.875,0.0286,0.052,0.0537,0.0863,0.1789,0.2122,0.2283,0.2773,0.213,0.2374
133,SEB,V10,3,L,9,3,60N,0.873,0.887,0.0307,0.0531,0.0533,0.0878,0.1825,0.215,0.2311,0.2711,0.2084,0.2425
134,SEB,V10,3,L,9,3,0N,0.83,0.876,0.0316,0.055,0.0553,0.0881,0.1811,0.2134,0.2298,0.2807,0.2164,0.2409
135,SEB,V10,3,L,9,3,240N,0.951,0.928,0.0275,0.0513,0.0494,0.0837,0.1883,0.2271,0.2395,0.263,0.1941,0.2518
136,SEB,V10,4,H,10,1,0N,1.066,1.192,0.0202,0.0423,0.0226,0.0586,0.275,0.3785,0.385,0.1751,0.0813,0.3962
137,SEB,V10,4,H,10,1,180N,1.259,1.312,0.0206,0.0405,0.0223,0.0559,0.2739,0.3896,0.3988,0.1763,0.0814,0.4085
138,SEB,V10,4,H,10,1,240N,1.507,1.314,0.0189,0.0388,0.0209,0.0543,0.2784,0.3994,0.4107,0.172,0.0779,0.4205
139,SEB,V10,4,H,10,1,120N,1.407,1.306,0.0194,0.0394,0.0214,0.0545,0.2751,0.3901,0.3996,0.1726,0.0785,0.4103
140,SEB,V10,4,H,10,1,60N,1.191,1.239,0.0195,0.0396,0.0215,0.0553,0.2694,0.3826,0.3898,0.1709,0.0781,0.4034
141,SEB,V10,4,H,10,2,60N,1.177,1.243,0.0181,0.0396,0.0213,0.0549,0.2695,0.3798,0.3852,0.1726,0.0804,0.3996
142,SEB,V10,4,H,10,2,240N,1.008,1.255,0.0185,0.0389,0.021,0.0532,0.2717,0.3935,0.3983,0.1732,0.0784,0.4122
143,SEB,V10,4,H,10,2,120N,1.189,1.187,0.0191,0.04,0.0216,0.0538,0.2714,0.3854,0.3947,0.1737,0.0804,0.4075
144,SEB,V10,4,H,10,2,180N,1.362,1.424,0.018,0.0382,0.0196,0.0522,0.2769,0.3992,0.4077,0.1719,0.077,0.4191
145,SEB,V10,4,H,10,2,0N,1.101,1.199,0.0194,0.0405,0.0213,0.0547,0.2681,0.378,0.3821,0.1716,0.0785,0.3974
146,SEB,V10,4,H,10,3,180N,1.509,1.327,0.018,0.038,0.0196,0.051,0.2733,0.3987,0.4036,0.1688,0.0761,0.4186
147,SEB,V10,4,H,10,3,120N,1.265,1.28,0.0179,0.0377,0.019,0.0518,0.2781,0.4011,0.4108,0.1691,0.0752,0.4208
148,SEB,V10,4,H,10,3,60N,1.2,1.225,0.0183,0.0391,0.0204,0.0531,0.2691,0.3792,0.3899,0.173,0.0801,0.4007
149,SEB,V10,4,H,10,3,0N,1.039,1.25,0.0191,0.0401,0.0219,0.0557,0.2686,0.3709,0.3825,0.1741,0.0822,0.393
150,SEB,V10,4,H,10,3,240N,1.457,1.33,0.0179,0.0373,0.0188,0.051,0.2774,0.4069,0.4156,0.1683,0.0742,0.4242
156,SEB,V10,4,L,11,4,180N,1.256,1.127,0.0188,0.0388,0.0209,0.0536,0.2712,0.3864,0.3959,0.1782,0.0838,0.4048
157,SEB,V10,4,L,11,2,60N,0.985,0.961,0.0187,0.0409,0.0223,0.0567,0.2688,0.3718,0.38,0.1792,0.0855,0.3918
158,SEB,V10,4,L,11,2,240N,1.244,0.98,0.019,0.0396,0.0217,0.0546,0.2685,0.3822,0.3911,0.1777,0.0839,0.4007
159,SEB,V10,4,L,11,2,120N,1.259,1.043,0.0184,0.0391,0.0209,0.0542,0.2669,0.38,0.389,0.1753,0.082,0.3996
160,SEB,V10,4,L,11,2,180N,1.143,1.062,0.0181,0.0386,0.0207,0.0534,0.2735,0.3881,0.3971,0.1733,0.0795,0.4095
161,SEB,V10,4,L,11,2,0N,0.92,0.924,0.0201,0.0434,0.0244,0.0608,0.2663,0.3597,0.3618,0.1781,0.0869,0.3789
162,SEB,V10,4,L,11,4,0N,1.084,0.995,0.0208,0.0425,0.025,0.0601,0.2642,0.3586,0.367,0.188,0.0942,0.3779
163,SEB,V10,4,L,11,4,240N,1.218,1.142,0.018,0.0395,0.0221,0.0544,0.2704,0.3834,0.396,0.1834,0.0875,0.4061
164,SEB,V10,4,L,11,4,60N,1.2,0.836,0.0197,0.0407,0.0236,0.057,0.2688,0.3778,0.3848,0.1853,0.0896,0.3972
165,SEB,V10,4,L,11,4,120N,1.185,1.062,0.018,0.0385,0.0209,0.0538,0.2782,0.3961,0.4047,0.1784,0.0818,0.4158
166,SEB,V10,4,L,11,3,180N,1.279,1.051,0.0186,0.0389,0.0212,0.0535,0.2742,0.3901,0.3987,0.1778,0.083,0.4091
167,SEB,V10,4,L,11,3,120N,1.254,0.963,0.0196,0.0409,0.0226,0.0552,0.269,0.3797,0.3884,0.178,0.0836,0.3989
168,SEB,V10,4,L,11,3,60N,1.099,1.087,0.0186,0.0399,0.0221,0.056,0.2675,0.3756,0.3848,0.1779,0.0845,0.3938
169,SEB,V10,4,L,11,3,0N,0.967,0.923,0.0198,0.042,0.0237,0.0588,0.264,0.3611,0.3696,0.1774,0.086,0.3807
170,SEB,V10,4,L,11,3,240N,1.124,0.934,0.0194,0.0399,0.0227,0.0568,0.2701,0.3813,0.3866,0.1789,0.0845,0.4001
1,NRP,V14,1,VH,1,1,180N,1.085,0.827,0.0241,0.0476,0.0266,0.0666,0.2663,0.3813,0.3945,0.1728,0.0839,0.4013
2,NRP,V14,1,VH,1,1,240N,1.181,0.953,0.0217,0.0427,0.0219,0.0576,0.2655,0.4058,0.419,0.1613,0.0752,0.4254
3,NRP,V14,1,VH,1,1,0N,0.911,0.867,0.0258,0.0523,0.0282,0.0753,0.2815,0.387,0.3975,0.1745,0.084,0.4053
4,NRP,V14,1,VH,1,1,120N,1.137,0.9,0.0218,0.0422,0.0214,0.0576,0.2672,0.4059,0.4161,0.1578,0.0739,0.4235
5,NRP,V14,1,VH,1,1,60N,0.957,0.919,0.0226,0.0432,0.0219,0.0593,0.2656,0.3984,0.4076,0.1585,0.0724,0.4144
6,NRP,V14,1,VH,1,2,240N,1.165,0.944,0.0253,0.05,0.0282,0.0691,0.269,0.3774,0.3903,0.1774,0.089,0.3948
7,NRP,V14,1,VH,1,2,120N,1.093,1.097,0.0259,0.0503,0.0287,0.0692,0.2678,0.3732,0.3839,0.1772,0.0883,0.3915
8,NRP,V14,1,VH,1,2,180N,1.16,0.81,0.0317,0.0579,0.0383,0.0803,0.2618,0.343,0.3477,0.1925,0.1043,0.3593
9,NRP,V14,1,VH,1,2,60N,0.953,0.844,0.024,0.0477,0.0249,0.065,0.2709,0.39,0.3985,0.1654,0.0772,0.4077
10,NRP,V14,1,VH,1,2,0N,0.908,0.886,0.0247,0.0494,0.0249,0.0676,0.2831,0.4029,0.4078,0.1658,0.0766,0.4182
11,NRP,V14,1,VH,1,3,0N,1.08,0.98,0.0231,0.0448,0.0235,0.0624,0.2743,0.4026,0.4162,0.1669,0.0789,0.4206
12,NRP,V14,1,VH,1,3,240N,1.359,0.983,0.0223,0.0404,0.0209,0.0564,0.2629,0.3972,0.4091,0.1605,0.0766,0.4126
13,NRP,V14,1,VH,1,3,60N,1.066,0.9,0.0226,0.044,0.0229,0.0612,0.2659,0.3907,0.4002,0.1605,0.0754,0.4086
14,NRP,V14,1,VH,1,3,120N,1.209,1.018,0.0205,0.0398,0.019,0.0527,0.264,0.4142,0.425,0.1511,0.0662,0.4331
15,NRP,V14,1,VH,1,3,180N,1.396,0.946,0.0204,0.0388,0.0197,0.0517,0.2617,0.4171,0.4257,0.1529,0.0665,0.4344
16,NRP,V14,1,L,2,1,180N,1.186,0.877,0.0278,0.0512,0.0312,0.0709,0.2652,0.3697,0.38,0.1822,0.092,0.3852
17,NRP,V14,1,L,2,1,240N,1.366,1.009,0.0253,0.0471,0.0277,0.0673,0.2624,0.3723,0.3816,0.1791,0.0899,0.3918
18,NRP,V14,1,L,2,1,0N,0.714,0.817,0.0389,0.0675,0.0502,0.0956,0.253,0.3143,0.3205,0.2201,0.1291,0.3351
19,NRP,V14,1,L,2,1,120N,0.941,0.887,0.0392,0.0645,0.0528,0.0935,0.2367,0.3016,0.3083,0.2151,0.13,0.3181
20,NRP,V14,1,L,2,1,60N,0.867,0.902,0.0346,0.0608,0.0422,0.0861,0.2585,0.3327,0.3408,0.2043,0.1138,0.3542
21,NRP,V14,1,L,2,2,240N,1.287,1.112,0.0308,0.0551,0.0352,0.0759,0.2634,0.3557,0.3669,0.1944,0.1005,0.375
22,NRP,V14,1,L,2,2,120N,1.087,0.91,0.0315,0.0573,0.0368,0.0793,0.2633,0.3471,0.3558,0.1974,0.1032,0.3681
23,NRP,V14,1,L,2,2,180N,1.096,0.972,0.033,0.0577,0.0393,0.0815,0.2585,0.3404,0.35,0.201,0.109,0.3591
24,NRP,V14,1,L,2,2,60N,0.991,0.978,0.0322,0.0588,0.0373,0.0826,0.2627,0.3457,0.3553,0.2012,0.1093,0.3641
25,NRP,V14,1,L,2,2,0N,0.765,0.837,0.0335,0.0613,0.041,0.0879,0.2583,0.3319,0.3418,0.2062,0.1157,0.3514
26,NRP,V14,1,L,2,3,0N,0.765,0.86,0.0337,0.0621,0.0395,0.088,0.2705,0.3503,0.355,0.2049,0.1095,0.3672
27,NRP,V14,1,L,2,3,240N,1.139,0.943,0.0361,0.0618,0.044,0.0871,0.2558,0.3287,0.3373,0.2092,0.1171,0.3496
28,NRP,V14,1,L,2,3,60N,1.05,0.913,0.0295,0.0545,0.034,0.0749,0.2642,0.3646,0.369,0.1867,0.0952,0.383
29,NRP,V14,1,L,2,3,120N,1.147,0.995,0.0306,0.056,0.035,0.0779,0.2643,0.3528,0.3608,0.1953,0.1022,0.3689
30,NRP,V14,1,L,2,3,180N,1.091,0.919,0.0351,0.0595,0.042,0.0833,0.2525,0.3278,0.3363,0.2057,0.1153,0.3445
31,NRP,V14,1,H,3,1,180N,1.239,0.928,0.0279,0.0528,0.0323,0.0723,0.2686,0.3693,0.3782,0.1824,0.0913,0.3879
32,NRP,V14,1,H,3,1,240N,1.317,0.959,0.0283,0.0535,0.032,0.0739,0.2709,0.3702,0.3764,0.1839,0.0921,0.3883
33,NRP,V14,1,H,3,1,0N,1.162,0.906,0.0237,0.0466,0.0246,0.0627,0.276,0.4005,0.4073,0.1656,0.0764,0.4178
34,NRP,V14,1,H,3,1,120N,1.293,0.978,0.0219,0.0417,0.0231,0.0575,0.2667,0.4052,0.4174,0.1598,0.0735,0.4247
35,NRP,V14,1,H,3,1,60N,1.054,0.93,0.0245,0.0465,0.0258,0.0627,0.2685,0.389,0.3982,0.1694,0.0814,0.4064
36,NRP,V14,1,H,3,2,240N,1.382,0.879,0.0245,0.0453,0.0256,0.0609,0.2684,0.3947,0.405,0.1663,0.0769,0.4128
37,NRP,V14,1,H,3,2,120N,1.095,0.872,0.03,0.0548,0.0362,0.0759,0.2649,0.3602,0.3666,0.1874,0.0971,0.3807
38,NRP,V14,1,H,3,2,180N,1.244,0.996,0.025,0.0473,0.0268,0.0664,0.2681,0.3873,0.3976,0.1749,0.0847,0.405
39,NRP,V14,1,H,3,2,60N,1.097,0.973,0.0231,0.0455,0.0251,0.0637,0.2706,0.3976,0.4096,0.1706,0.081,0.4163
40,NRP,V14,1,H,3,2,0N,0.766,0.884,0.0281,0.0539,0.0317,0.0741,0.2726,0.3708,0.3774,0.1819,0.0916,0.3896
41,NRP,V14,1,H,3,3,0N,0.925,1.03,0.0247,0.0476,0.0266,0.0658,0.2747,0.3966,0.4058,0.1722,0.082,0.416
42,NRP,V14,1,H,3,3,240N,1.302,1.06,0.03,0.0559,0.0344,0.0769,0.2744,0.3692,0.3756,0.1889,0.0962,0.3879
43,NRP,V14,1,H,3,3,60N,1.032,0.825,0.0233,0.0454,0.0237,0.0612,0.2794,0.412,0.4216,0.1669,0.077,0.4291
44,NRP,V14,1,H,3,3,120N,1.305,1.012,0.0252,0.0479,0.026,0.0652,0.2788,0.4027,0.4122,0.1744,0.0812,0.4213
45,NRP,V14,1,H,3,3,180N,1.126,0.944,0.0228,0.0439,0.0245,0.0601,0.2705,0.4042,0.4159,0.1668,0.0779,0.4221
46,NRP,V14,1,M,4,1,180N,0.848,0.963,0.0304,0.0588,0.0375,0.0841,0.2666,0.3413,0.3511,0.2174,0.1208,0.3602
47,NRP,V14,1,M,4,1,240N,1.179,1.092,0.0298,0.0575,0.0351,0.0813,0.2739,0.3601,0.3656,0.2124,0.1141,0.3772
48,NRP,V14,1,M,4,1,0N,0.431,1.135,0.0258,0.0542,0.0289,0.0751,0.2853,0.3814,0.3893,0.1932,0.0966,0.4005
49,NRP,V14,1,M,4,1,120N,1.068,0.963,0.0293,0.053,0.0349,0.0744,0.2532,0.3405,0.3461,0.2035,0.1113,0.3609
50,NRP,V14,1,M,4,1,60N,0.959,0.944,0.0269,0.0505,0.0321,0.0721,0.2563,0.3473,0.3564,0.1998,0.1082,0.3677
51,NRP,V14,1,M,4,2,240N,1.209,1.169,0.0238,0.0453,0.0265,0.0662,0.2657,0.3774,0.3858,0.1919,0.0987,0.3956
52,NRP,V14,1,M,4,2,120N,1.018,1.108,0.0272,0.0534,0.0296,0.0755,0.2745,0.3696,0.3797,0.2003,0.103,0.3887
53,NRP,V14,1,M,4,2,180N,1.225,1.074,0.0223,0.0451,0.0244,0.0651,0.2687,0.3829,0.3931,0.185,0.0921,0.4018
54,NRP,V14,1,M,4,2,60N,0.968,0.873,0.0216,0.0444,0.0222,0.0636,0.2712,0.3852,0.3932,0.1806,0.087,0.4031
55,NRP,V14,1,M,4,2,0N,0.441,1.141,0.0231,0.0509,0.0243,0.0699,0.2862,0.391,0.4013,0.184,0.0898,0.4086
56,NRP,V14,1,M,4,3,0N,0.487,0.893,0.0281,0.0557,0.0332,0.0793,0.2717,0.3579,0.3684,0.2022,0.107,0.3794
57,NRP,V14,1,M,4,3,240N,0.827,1.133,0.0235,0.0508,0.027,0.0712,0.2812,0.389,0.4001,0.1936,0.0963,0.4066
58,NRP,V14,1,M,4,3,60N,0.752,0.955,0.029,0.0555,0.0348,0.0792,0.2688,0.3575,0.367,0.2058,0.1116,0.3788
59,NRP,V14,1,M,4,3,120N,0.982,0.962,0.0255,0.0492,0.0288,0.07,0.2676,0.3662,0.3734,0.1911,0.0972,0.3839
60,NRP,V14,1,M,4,3,180N,1.054,1.045,0.0209,0.0433,0.0219,0.0615,0.2704,0.3858,0.3964,0.1776,0.0859,0.4037
61,NRP,V14,2,H,5,1,180N,1.237,1.099,0.0246,0.0455,0.029,0.0666,0.2511,0.369,0.3877,0.169,0.088,0.3918
62,NRP,V14,2,H,5,1,240N,0.862,1.233,0.0237,0.0427,0.0261,0.0599,0.2474,0.3713,0.3847,0.1619,0.0808,0.3945
63,NRP,V14,2,H,5,1,0N,0.384,1.078,0.0269,0.0529,0.0316,0.0737,0.2662,0.3599,0.3726,0.1723,0.09,0.3795
64,NRP,V14,2,H,5,1,120N,0.839,1.171,0.0224,0.0421,0.0247,0.0576,0.2464,0.3629,0.3771,0.1587,0.0795,0.3855
65,NRP,V14,2,H,5,1,60N,0.913,0.862,0.021,0.0408,0.0217,0.0562,0.2531,0.3762,0.3895,0.1517,0.0731,0.3954
66,NRP,V14,2,H,5,2,240N,1.12,1.083,0.0225,0.0408,0.0256,0.058,0.2445,0.3729,0.3867,0.1591,0.0793,0.394
67,NRP,V14,2,H,5,2,120N,0.844,1.15,0.0227,0.042,0.0247,0.0582,0.2492,0.3733,0.3871,0.1584,0.0788,0.3924
68,NRP,V14,2,H,5,2,180N,1.053,1.148,0.0229,0.0413,0.0263,0.059,0.2441,0.3617,0.3731,0.1612,0.0815,0.3821
69,NRP,V14,2,H,5,2,60N,0.986,0.946,0.025,0.0451,0.0282,0.0642,0.2461,0.3484,0.3643,0.1674,0.0874,0.3702
70,NRP,V14,2,H,5,2,0N,0.554,0.762,0.0254,0.0499,0.0282,0.071,0.2644,0.3598,0.3739,0.1669,0.0848,0.3812
71,NRP,V14,2,H,5,3,0N,0.618,1.038,0.0266,0.0524,0.0316,0.0754,0.2673,0.3616,0.3759,0.1714,0.0905,0.3836
72,NRP,V14,2,H,5,3,240N,0.994,1.203,0.0223,0.0409,0.025,0.0573,0.2458,0.3681,0.3812,0.1602,0.0798,0.3892
73,NRP,V14,2,H,5,3,60N,1.134,1.102,0.019,0.0378,0.0196,0.0532,0.2547,0.3979,0.4149,0.145,0.0682,0.4183
74,NRP,V14,2,H,5,3,120N,0.924,1.067,0.0224,0.0419,0.025,0.0593,0.2472,0.3643,0.3797,0.1596,0.0804,0.387
75,NRP,V14,2,H,5,3,180N,0.82,1.099,0.0244,0.044,0.0277,0.0614,0.2455,0.357,0.3705,0.1653,0.0844,0.3786
76,NRP,V14,2,L,6,1,180N,1.05,0.834,0.0306,0.0492,0.0384,0.07,0.2333,0.3275,0.341,0.1914,0.1074,0.3518
77,NRP,V14,2,L,6,1,240N,1.602,0.97,0.02878,0.046742222,0.033993333,0.06668,0.2345,0.33394,0.348217778,0.187902222,0.102886667,0.356873333
78,NRP,V14,2,L,6,1,0N,0.34,1.034,0.0329,0.0578,0.0414,0.0846,0.2517,0.3257,0.3386,0.2035,0.1167,0.3489
79,NRP,V14,2,L,6,1,120N,1.226,1.109,0.0343,0.0528,0.0446,0.075,0.233,0.325,0.3361,0.1985,0.1168,0.3479
80,NRP,V14,2,L,6,1,60N,0.792,0.78,0.0369,0.0578,0.0496,0.084,0.229,0.2988,0.312,0.2111,0.1288,0.3233
81,NRP,V14,2,L,6,2,240N,1.158,1.169,0.0266,0.0448,0.032,0.0637,0.2395,0.3453,0.3603,0.1808,0.095,0.3692
82,NRP,V14,2,L,6,2,120N,1.1,1.083,0.0282,0.0476,0.0341,0.0678,0.2421,0.344,0.3563,0.1848,0.0997,0.3655
83,NRP,V14,2,L,6,2,180N,1.22,1.043,0.0346,0.0553,0.0456,0.0802,0.2294,0.3051,0.3178,0.2065,0.1249,0.3263
84,NRP,V14,2,L,6,2,60N,0.976,1.061,0.0311,0.0537,0.039,0.0765,0.2396,0.3219,0.336,0.1964,0.1122,0.345
85,NRP,V14,2,L,6,2,0N,0.649,0.972,0.0393,0.0673,0.055,0.0984,0.2386,0.2948,0.3077,0.2192,0.1374,0.3168
86,NRP,V14,2,L,6,3,0N,0.61,1.035,0.0324,0.0601,0.0406,0.0845,0.2556,0.3309,0.3441,0.1986,0.1107,0.3527
87,NRP,V14,2,L,6,3,240N,1.323,0.944,0.0247,0.043,0.0282,0.0611,0.2429,0.3591,0.3753,0.174,0.0892,0.381
88,NRP,V14,2,L,6,3,60N,0.926,0.995,0.0274,0.0485,0.032,0.0677,0.2473,0.3493,0.3648,0.1808,0.0953,0.3718
89,NRP,V14,2,L,6,3,120N,1.35,0.883,0.03,0.0497,0.0362,0.0714,0.24,0.3293,0.344,0.19,0.1053,0.3506
90,NRP,V14,2,L,6,3,180N,1.081,1.157,0.0254,0.0446,0.0294,0.063,0.2428,0.3533,0.3679,0.1741,0.0903,0.3772
91,NRP,V14,2,M,7,1,180N,1.224,1.034,0.024,0.0419,0.0254,0.059,0.2451,0.3613,0.3755,0.1659,0.0832,0.3836
92,NRP,V14,2,M,7,1,240N,1.006,0.97,0.0259,0.045,0.0298,0.0633,0.2404,0.3436,0.3571,0.1757,0.0926,0.3659
93,NRP,V14,2,M,7,1,0N,1.025,0.949,0.0307,0.0578,0.0368,0.081,0.2628,0.3414,0.3548,0.1931,0.1064,0.363
94,NRP,V14,2,M,7,1,120N,1.128,0.923,0.0265,0.0464,0.0302,0.067,0.2453,0.3455,0.3602,0.1804,0.097,0.3661
95,NRP,V14,2,M,7,1,60N,0.888,0.917,0.0259,0.0477,0.0303,0.0671,0.2524,0.3553,0.3699,0.1797,0.0946,0.3757
96,NRP,V14,2,M,7,2,240N,1.241,1.038,0.0229,0.0426,0.0257,0.0589,0.2444,0.3622,0.378,0.1654,0.0814,0.3848
97,NRP,V14,2,M,7,2,120N,1.146,0.997,0.0276,0.0477,0.0311,0.0664,0.2426,0.3421,0.3545,0.1782,0.0951,0.3625
98,NRP,V14,2,M,7,2,180N,1.36,1.021,0.0223,0.0405,0.0233,0.0562,0.2514,0.3769,0.3923,0.1599,0.0771,0.3987
99,NRP,V14,2,M,7,2,60N,0.96,0.971,0.0247,0.0456,0.0275,0.0627,0.2505,0.3596,0.371,0.1693,0.0868,0.3801
100,NRP,V14,2,M,7,2,0N,0.623,0.943,0.0287,0.056,0.0344,0.0792,0.2683,0.3554,0.3685,0.1868,0.0996,0.3762
101,NRP,V14,2,M,7,3,0N,0.698,0.919,0.0298,0.0568,0.0363,0.08,0.2623,0.3466,0.3578,0.1851,0.0997,0.3657
102,NRP,V14,2,M,7,3,240N,1.147,1.014,0.0249,0.0439,0.0282,0.0617,0.2443,0.3562,0.3696,0.1705,0.088,0.3785
103,NRP,V14,2,M,7,3,60N,0.997,0.927,0.0277,0.0491,0.032,0.0685,0.2495,0.3484,0.361,0.1777,0.0937,0.3699
104,NRP,V14,2,M,7,3,120N,1.042,1.106,0.0244,0.0449,0.0279,0.0632,0.2508,0.3629,0.3771,0.1705,0.0874,0.3845
105,NRP,V14,2,M,7,3,180N,1.3,0.942,0.0261,0.0461,0.0305,0.0651,0.2472,0.3556,0.3691,0.1791,0.0936,0.3777
106,SEB,V14,3,H,8,1,60N,1.049,0.843,0.0167,0.0341,0.0218,0.0496,0.2084,0.2875,0.2933,0.1449,0.0779,0.304
107,SEB,V14,3,H,8,1,180N,1.044,0.806,0.0162,0.0321,0.0229,0.0486,0.1924,0.2665,0.274,0.148,0.082,0.2855
108,SEB,V14,3,H,8,1,240N,1.07,0.836,0.0149,0.0323,0.0215,0.0471,0.1992,0.2821,0.2866,0.1497,0.0789,0.3015
109,SEB,V14,3,H,8,1,120N,0.896,0.917,0.014,0.0308,0.018,0.0453,0.2109,0.2978,0.3039,0.1413,0.0728,0.3152
110,SEB,V14,3,H,8,1,0N,0.846,0.881,0.0155,0.034,0.0189,0.0481,0.2102,0.2904,0.2927,0.1454,0.0775,0.3039
111,SEB,V14,3,H,8,2,0N,0.796,0.859,0.0161,0.0349,0.0217,0.0522,0.2162,0.2882,0.2958,0.14,0.0729,0.3089
112,SEB,V14,3,H,8,2,240N,0.932,0.821,0.0134,0.0296,0.0176,0.0418,0.2005,0.2924,0.2994,0.133,0.0684,0.3086
113,SEB,V14,3,H,8,2,120N,1.171,0.997,0.0139,0.0308,0.0183,0.0443,0.2064,0.2922,0.3,0.142,0.075,0.3085
114,SEB,V14,3,H,8,2,180N,1.151,0.931,0.0157,0.0311,0.0199,0.0441,0.2009,0.2883,0.2935,0.1432,0.0756,0.3045
115,SEB,V14,3,H,8,2,60N,0.996,0.91,0.0145,0.0317,0.018,0.0438,0.2079,0.2911,0.2998,0.1419,0.0749,0.3133
116,SEB,V14,3,H,8,3,180N,1.046,0.84,0.0131,0.0308,0.0181,0.0441,0.2072,0.2986,0.3028,0.1404,0.0729,0.3133
117,SEB,V14,3,H,8,3,120N,1.11,0.896,0.0152,0.031,0.0201,0.0448,0.1953,0.276,0.2809,0.1418,0.0759,0.2971
118,SEB,V14,3,H,8,3,60N,0.87,0.816,0.0141,0.0309,0.0193,0.0439,0.2024,0.2835,0.2859,0.1398,0.0731,0.3023
119,SEB,V14,3,H,8,3,0N,0.737,0.891,0.0138,0.0322,0.0175,0.0451,0.2136,0.2966,0.3002,0.1391,0.0715,0.3137
120,SEB,V14,3,H,8,3,240N,1.205,0.93,0.0132,0.0289,0.0167,0.0407,0.2089,0.3029,0.305,0.1388,0.0701,0.319
121,SEB,V14,3,L,9,1,60N,0.854,0.875,0.0174,0.0348,0.0236,0.0499,0.1951,0.261,0.2668,0.1581,0.0889,0.2792
122,SEB,V14,3,L,9,1,180N,1.062,0.901,0.0163,0.0324,0.022,0.0459,0.1946,0.2678,0.2745,0.1576,0.0878,0.2867
123,SEB,V14,3,L,9,1,240N,0.994,0.869,0.0147,0.0312,0.0213,0.0456,0.1921,0.2651,0.2703,0.1555,0.0877,0.2842
124,SEB,V14,3,L,9,1,120N,0.836,0.855,0.0185,0.0359,0.0265,0.053,0.1907,0.2576,0.2682,0.1691,0.102,0.279
125,SEB,V14,3,L,9,1,0N,0.758,0.907,0.0167,0.0356,0.0236,0.0517,0.2027,0.2742,0.2796,0.1664,0.0977,0.2888
126,SEB,V14,3,L,9,2,0N,0.753,0.839,0.0174,0.0359,0.0255,0.0526,0.1944,0.2586,0.2664,0.1628,0.0944,0.2786
127,SEB,V14,3,L,9,2,240N,1.279,0.97,0.0159,0.0323,0.0216,0.0477,0.195,0.2716,0.2756,0.1608,0.089,0.2893
128,SEB,V14,3,L,9,2,120N,0.706,0.799,0.0161,0.0322,0.0218,0.0466,0.1915,0.2614,0.2692,0.1587,0.0908,0.2816
129,SEB,V14,3,L,9,2,180N,1.042,0.868,0.0162,0.0333,0.0218,0.0483,0.1998,0.2771,0.2849,0.1597,0.0894,0.2961
130,SEB,V14,3,L,9,2,60N,0.667,0.776,0.0168,0.0351,0.0237,0.0507,0.1995,0.2705,0.2752,0.1586,0.0915,0.2885
131,SEB,V14,3,L,9,3,180N,0.927,0.832,0.0174,0.0343,0.0244,0.0499,0.1953,0.2683,0.2772,0.1657,0.0955,0.2914
132,SEB,V14,3,L,9,3,120N,0.896,0.891,0.0168,0.0329,0.0226,0.0483,0.1943,0.2658,0.2738,0.1574,0.0899,0.2839
133,SEB,V14,3,L,9,3,60N,0.777,0.833,0.0174,0.0345,0.0243,0.0515,0.1922,0.2607,0.2675,0.16,0.0925,0.2817
134,SEB,V14,3,L,9,3,0N,0.628,0.795,0.0174,0.0373,0.0252,0.0549,0.2015,0.2657,0.2721,0.1692,0.0977,0.2846
135,SEB,V14,3,L,9,3,240N,0.862,0.871,0.0188,0.0345,0.0246,0.05,0.1934,0.2661,0.2701,0.1669,0.0974,0.2859
136,SEB,V14,4,H,10,1,0N,0.661,0.755,0.0217,0.0387,0.0204,0.0538,0.2621,0.3903,0.4079,0.1487,0.0655,0.415
137,SEB,V14,4,H,10,1,180N,1.008,0.984,0.0185,0.0342,0.0179,0.0478,0.2557,0.4053,0.4228,0.1443,0.0612,0.4314
138,SEB,V14,4,H,10,1,240N,1.087,0.768,0.0197,0.036,0.019,0.0493,0.2582,0.4071,0.4259,0.1472,0.0648,0.4302
139,SEB,V14,4,H,10,1,120N,0.938,0.89,0.0182,0.0343,0.0181,0.0481,0.255,0.4053,0.4228,0.1429,0.0611,0.4274
140,SEB,V14,4,H,10,1,60N,0.84,0.842,0.0191,0.0364,0.0185,0.0505,0.2575,0.3998,0.4151,0.1435,0.0628,0.4211
141,SEB,V14,4,H,10,2,60N,0.841,0.794,0.0188,0.0354,0.0193,0.0495,0.2546,0.3996,0.4138,0.1437,0.0627,0.4214
142,SEB,V14,4,H,10,2,240N,1.065,0.831,0.0179,0.0342,0.0173,0.0475,0.2524,0.4054,0.4177,0.1438,0.06,0.4287
143,SEB,V14,4,H,10,2,120N,1.073,0.662,0.0191,0.0355,0.0192,0.0487,0.2519,0.3969,0.413,0.1461,0.064,0.4213
144,SEB,V14,4,H,10,2,180N,0.988,0.761,0.0177,0.0336,0.0168,0.048,0.2544,0.4084,0.428,0.1428,0.0607,0.4329
145,SEB,V14,4,H,10,2,0N,0.661,0.619,0.019,0.0368,0.0179,0.05,0.2593,0.3987,0.4153,0.144,0.0631,0.4201
146,SEB,V14,4,H,10,3,180N,0.864,0.942,0.0182,0.0341,0.0171,0.0473,0.2546,0.4058,0.4264,0.1414,0.0603,0.432
147,SEB,V14,4,H,10,3,120N,0.98,0.611,0.0183,0.0333,0.0166,0.0473,0.2556,0.4083,0.4242,0.1419,0.059,0.4337
148,SEB,V14,4,H,10,3,60N,0.888,0.731,0.0191,0.036,0.0185,0.0497,0.2543,0.3933,0.4086,0.1471,0.0642,0.4155
149,SEB,V14,4,H,10,3,0N,0.749,0.785,0.0202,0.0376,0.0203,0.0532,0.2555,0.3934,0.4058,0.1472,0.0648,0.4075
150,SEB,V14,4,H,10,3,240N,1.152,0.798,0.0178,0.0331,0.0162,0.0467,0.2572,0.4193,0.4377,0.1401,0.0572,0.4453
156,SEB,V14,4,L,11,4,180N,1.024,0.788,0.0201,0.0372,0.0197,0.0522,0.2606,0.4012,0.4163,0.1524,0.068,0.4247
157,SEB,V14,4,L,11,2,60N,0.744,0.785,0.0219,0.0406,0.0221,0.0574,0.2601,0.3828,0.4022,0.1592,0.0736,0.406
158,SEB,V14,4,L,11,2,240N,0.906,0.63,0.0227,0.0413,0.0229,0.0585,0.2607,0.3854,0.4075,0.1589,0.0736,0.4139
159,SEB,V14,4,L,11,2,120N,0.827,0.624,0.0235,0.0409,0.0235,0.0573,0.257,0.385,0.3997,0.1581,0.0738,0.4074
160,SEB,V14,4,L,11,2,180N,0.914,0.706,0.0221,0.0404,0.0222,0.0571,0.2597,0.3961,0.4106,0.1544,0.07,0.4115
161,SEB,V14,4,L,11,2,0N,0.617,0.725,0.0241,0.0462,0.0276,0.0672,0.2589,0.3595,0.3781,0.1654,0.0822,0.3837
162,SEB,V14,4,L,11,4,0N,0.596,0.702,0.0225,0.041,0.0231,0.0565,0.2606,0.3802,0.3924,0.1602,0.0753,0.3999
163,SEB,V14,4,L,11,4,240N,0.863,0.786,0.0198,0.0354,0.0186,0.05,0.2573,0.4056,0.423,0.1535,0.0681,0.4294
164,SEB,V14,4,L,11,4,60N,0.813,0.824,0.0198,0.037,0.019,0.0506,0.2558,0.4042,0.4154,0.1522,0.0678,0.4218
165,SEB,V14,4,L,11,4,120N,0.811,0.78,0.0197,0.0357,0.0176,0.0494,0.2624,0.4116,0.4266,0.1505,0.0655,0.4333
166,SEB,V14,4,L,11,3,180N,0.968,0.669,0.0204,0.0391,0.0219,0.0544,0.2588,0.3964,0.4151,0.157,0.0712,0.4203
167,SEB,V14,4,L,11,3,120N,0.889,0.651,0.0229,0.0412,0.0223,0.0574,0.2606,0.3909,0.4081,0.158,0.0722,0.4153
168,SEB,V14,4,L,11,3,60N,0.755,0.604,0.0233,0.0425,0.0237,0.0588,0.2626,0.3861,0.4022,0.1582,0.0735,0.4071
169,SEB,V14,4,L,11,3,0N,0.574,0.579,0.0239,0.0449,0.0251,0.0633,0.258,0.3669,0.3814,0.1608,0.0757,0.391
170,SEB,V14,4,L,11,3,240N,0.877,0.658,0.0226,0.0415,0.0238,0.0594,0.2599,0.3857,0.4038,0.1614,0.0768,0.4106
1,NRP,R1,1,VH,1,1,180N,1.034,NA,0.0449,0.0692,0.0456,0.0896,0.2948,0.4143,0.4314,0.1845,0.0945,0.4365
2,NRP,R1,1,VH,1,1,240N,0.983,NA,0.0433,0.0628,0.0438,0.0863,0.2817,0.4133,0.4281,0.1858,0.0976,0.4334
3,NRP,R1,1,VH,1,1,0N,0.633,NA,0.0389,0.0653,0.0424,0.0891,0.2976,0.4113,0.4162,0.1757,0.0894,0.4337
4,NRP,R1,1,VH,1,1,120N,0.827,NA,0.0339,0.0534,0.0361,0.0715,0.2642,0.3992,0.403,0.1558,0.0765,0.4188
5,NRP,R1,1,VH,1,1,60N,0.783,NA,0.0362,0.0569,0.0361,0.0741,0.2696,0.3944,0.4073,0.1578,0.0786,0.4136
6,NRP,R1,1,VH,1,2,240N,0.979,NA,0.0489,0.0758,0.0579,0.1008,0.2766,0.3739,0.386,0.2009,0.1085,0.4013
7,NRP,R1,1,VH,1,2,120N,0.642,NA,0.0488,0.0739,0.0561,0.1016,0.281,0.3799,0.3956,0.1988,0.1085,0.4053
8,NRP,R1,1,VH,1,2,180N,0.807,NA,0.0534,0.0802,0.0689,0.1132,0.2628,0.3406,0.349,0.2125,0.1225,0.3661
9,NRP,R1,1,VH,1,2,60N,0.652,NA,0.0378,0.0606,0.0397,0.0799,0.2814,0.4132,0.4222,0.1639,0.0801,0.4362
10,NRP,R1,1,VH,1,2,0N,0.573,NA,0.0396,0.0649,0.0409,0.0865,0.2868,0.3927,0.4097,0.1647,0.0806,0.4113
11,NRP,R1,1,VH,1,3,0N,0.644,NA,0.0379,0.0678,0.0415,0.0857,0.2995,0.4293,0.4463,0.1771,0.0897,0.4534
12,NRP,R1,1,VH,1,3,240N,0.865,NA,0.0413,0.0615,0.0436,0.0862,0.2831,0.4119,0.431,0.18,0.0911,0.434
13,NRP,R1,1,VH,1,3,60N,0.733,NA,0.04,0.0621,0.0413,0.0816,0.2885,0.4253,0.4385,0.1725,0.0822,0.4481
14,NRP,R1,1,VH,1,3,120N,1.003,NA,0.0383,0.0563,0.0363,0.0711,0.2733,0.4249,0.435,0.1594,0.075,0.4452
15,NRP,R1,1,VH,1,3,180N,1.07,NA,0.0356,0.0505,0.0328,0.0653,0.2497,0.3932,0.4029,0.148,0.072,0.4112
16,NRP,R1,1,L,2,1,180N,0.887,NA,0.051,0.0734,0.0544,0.0964,0.2843,0.3923,0.4052,0.1904,0.0995,0.418
17,NRP,R1,1,L,2,1,240N,1.061,NA,0.052,0.0775,0.0595,0.1023,0.2686,0.3584,0.3757,0.2067,0.1157,0.38
18,NRP,R1,1,L,2,1,0N,0.591,NA,0.0586,0.085,0.0761,0.1229,0.2563,0.3125,0.3302,0.2318,0.1406,0.3386
19,NRP,R1,1,L,2,1,120N,0.845,NA,0.0616,0.0877,0.0851,0.1299,0.2461,0.3036,0.3201,0.2416,0.1526,0.3323
20,NRP,R1,1,L,2,1,60N,0.759,NA,0.0568,0.0851,0.0729,0.1209,0.2708,0.3385,0.3548,0.227,0.1322,0.3664
21,NRP,R1,1,L,2,2,240N,0.99,NA,0.0485,0.0712,0.0525,0.0973,0.2784,0.3812,0.3989,0.1987,0.1062,0.404
22,NRP,R1,1,L,2,2,120N,0.766,NA,0.0545,0.082,0.0677,0.1142,0.2704,0.3438,0.3596,0.2173,0.1238,0.3699
23,NRP,R1,1,L,2,2,180N,0.796,NA,0.057,0.0828,0.0711,0.116,0.2555,0.3223,0.3374,0.2228,0.1333,0.3473
24,NRP,R1,1,L,2,2,60N,0.683,NA,0.0567,0.0823,0.0689,0.1137,0.2619,0.3301,0.349,0.2154,0.1246,0.3554
25,NRP,R1,1,L,2,2,0N,0.578,NA,0.0509,0.0791,0.0634,0.1123,0.2714,0.3458,0.3649,0.2029,0.1126,0.3692
26,NRP,R1,1,L,2,3,0N,0.552,NA,0.06,0.0884,0.0735,0.1254,0.2731,0.3393,0.3552,0.2312,0.1353,0.3645
27,NRP,R1,1,L,2,3,240N,1.077,NA,0.0547,0.0826,0.0683,0.116,0.2689,0.3459,0.3625,0.2206,0.1265,0.3717
28,NRP,R1,1,L,2,3,60N,0.809,NA,0.056,0.082,0.0663,0.1098,0.2739,0.3637,0.3745,0.2091,0.1176,0.3874
29,NRP,R1,1,L,2,3,120N,0.727,NA,0.058,0.0799,0.0694,0.1135,0.2541,0.3231,0.3359,0.2165,0.1275,0.349
30,NRP,R1,1,L,2,3,180N,0.893,NA,0.0551,0.079,0.0691,0.1087,0.2328,0.2914,0.311,0.206,0.1234,0.3158
31,NRP,R1,1,H,3,1,180N,1.128,NA,0.0531,0.0774,0.0578,0.1008,0.2808,0.3811,0.3927,0.1973,0.108,0.4026
32,NRP,R1,1,H,3,1,240N,1.125,NA,0.0434,0.0688,0.0515,0.0958,0.278,0.3839,0.3968,0.1948,0.1051,0.4083
33,NRP,R1,1,H,3,1,0N,0.765,NA,0.0396,0.0657,0.0452,0.088,0.2973,0.4269,0.4383,0.1748,0.0878,0.4499
34,NRP,R1,1,H,3,1,120N,1.077,NA,0.0427,0.0636,0.0478,0.0811,0.2767,0.4177,0.4316,0.1718,0.087,0.4433
35,NRP,R1,1,H,3,1,60N,0.808,NA,0.0455,0.0651,0.0453,0.0804,0.2809,0.4195,0.4343,0.1721,0.0855,0.4434
36,NRP,R1,1,H,3,2,240N,1.245,NA,0.046,0.0657,0.0481,0.0824,0.2756,0.416,0.431,0.1711,0.0872,0.4384
37,NRP,R1,1,H,3,2,120N,0.891,NA,0.0578,0.082,0.0747,0.1141,0.2524,0.3257,0.3355,0.2167,0.1292,0.3533
38,NRP,R1,1,H,3,2,180N,0.963,NA,0.0409,0.0581,0.0416,0.0776,0.2777,0.4199,0.4344,0.1699,0.0862,0.4454
39,NRP,R1,1,H,3,2,60N,0.832,NA,0.0441,0.0655,0.0466,0.0871,0.2883,0.4166,0.431,0.1767,0.0888,0.4383
40,NRP,R1,1,H,3,2,0N,0.767,NA,0.047,0.0708,0.0483,0.0921,0.2962,0.4131,0.4248,0.1821,0.0927,0.4332
41,NRP,R1,1,H,3,3,0N,0.754,NA,0.0446,0.0719,0.051,0.0921,0.2906,0.4186,0.4344,0.1816,0.0928,0.442
42,NRP,R1,1,H,3,3,240N,1.066,NA,0.0436,0.07,0.0506,0.0918,0.28,0.3848,0.3958,0.189,0.0998,0.4064
43,NRP,R1,1,H,3,3,60N,1.072,NA,0.0387,0.063,0.0422,0.0807,0.289,0.429,0.4446,0.1713,0.0864,0.4502
44,NRP,R1,1,H,3,3,120N,1.036,NA,0.0446,0.0633,0.0445,0.0807,0.2832,0.4267,0.4408,0.1723,0.0881,0.4456
45,NRP,R1,1,H,3,3,180N,1.068,NA,0.046,0.0647,0.0445,0.0791,0.2767,0.423,0.4356,0.1727,0.0893,0.446
46,NRP,R1,1,M,4,1,180N,0.924,NA,0.0504,0.0768,0.0648,0.1098,0.2565,0.33,0.3391,0.2314,0.1404,0.3539
47,NRP,R1,1,M,4,1,240N,1.266,NA,0.0371,0.0641,0.0453,0.0869,0.2773,0.3871,0.4016,0.1998,0.1088,0.4053
48,NRP,R1,1,M,4,1,0N,0.92,NA,0.0349,0.0599,0.0372,0.0808,0.2891,0.4034,0.4141,0.183,0.0941,0.4229
49,NRP,R1,1,M,4,1,120N,0.944,NA,0.0435,0.066,0.049,0.0867,0.2653,0.3662,0.3735,0.1995,0.1088,0.3901
50,NRP,R1,1,M,4,1,60N,0.725,NA,0.0422,0.065,0.0451,0.0881,0.2802,0.3874,0.3993,0.2006,0.1066,0.4101
51,NRP,R1,1,M,4,2,240N,1.093,NA,0.0372,0.0586,0.0406,0.0818,0.2782,0.4002,0.4178,0.1913,0.1019,0.421
52,NRP,R1,1,M,4,2,120N,0.987,NA,0.0331,0.0542,0.0362,0.0775,0.2798,0.412,0.4222,0.1822,0.0918,0.4337
53,NRP,R1,1,M,4,2,180N,1.095,NA,0.0338,0.0552,0.0376,0.076,0.2762,0.4034,0.4127,0.1812,0.0909,0.4233
54,NRP,R1,1,M,4,2,60N,1.151,NA,0.0343,0.0557,0.0358,0.074,0.2802,0.4179,0.4308,0.1744,0.0866,0.4403
55,NRP,R1,1,M,4,2,0N,0.719,NA,0.0409,0.0629,0.0386,0.0825,0.2979,0.4208,0.436,0.182,0.0908,0.4426
56,NRP,R1,1,M,4,3,0N,0.719,NA,0.044,0.0704,0.0455,0.0948,0.2943,0.3918,0.4062,0.1991,0.1071,0.4136
57,NRP,R1,1,M,4,3,240N,1.207,NA,0.0377,0.0611,0.0379,0.0809,0.288,0.4085,0.4204,0.1881,0.098,0.4295
58,NRP,R1,1,M,4,3,60N,0.867,NA,0.0445,0.0702,0.0525,0.0968,0.2803,0.3701,0.3804,0.2069,0.1147,0.3949
59,NRP,R1,1,M,4,3,120N,0.981,NA,0.04,0.0577,0.0373,0.0765,0.2744,0.3999,0.4122,0.1783,0.0913,0.4224
60,NRP,R1,1,M,4,3,180N,1.047,NA,0.0436,0.0653,0.0415,0.0841,0.2833,0.3988,0.4125,0.1872,0.0943,0.4214
61,NRP,R1,2,H,5,1,180N,0.781,NA,0.028,0.0505,0.0334,0.0727,0.2487,0.3628,0.3842,0.1704,0.0876,0.3913
62,NRP,R1,2,H,5,1,240N,1.131,NA,0.0242,0.0449,0.0253,0.0638,0.254,0.3766,0.3983,0.1607,0.0783,0.4013
63,NRP,R1,2,H,5,1,0N,0.564,NA,0.0289,0.0612,0.0357,0.0869,0.2854,0.3772,0.3948,0.1722,0.0867,0.4003
64,NRP,R1,2,H,5,1,120N,0.695,NA,0.022,0.0433,0.0238,0.0583,0.2531,0.3803,0.3942,0.1518,0.0718,0.4032
65,NRP,R1,2,H,5,1,60N,0.629,NA,0.0214,0.0437,0.0224,0.0595,0.2616,0.3888,0.4041,0.148,0.0698,0.4128
66,NRP,R1,2,H,5,2,240N,0.963,NA,0.0217,0.0399,0.0232,0.0568,0.2411,0.376,0.3937,0.1536,0.0741,0.4002
67,NRP,R1,2,H,5,2,120N,0.856,NA,0.0223,0.043,0.0242,0.0595,0.2531,0.3798,0.3995,0.1559,0.0758,0.4015
68,NRP,R1,2,H,5,2,180N,0.731,NA,0.0221,0.0409,0.0236,0.0574,0.245,0.3711,0.3896,0.1545,0.0755,0.3953
69,NRP,R1,2,H,5,2,60N,0.763,NA,0.0241,0.0481,0.0275,0.0677,0.2594,0.3721,0.3884,0.1609,0.0795,0.3961
70,NRP,R1,2,H,5,2,0N,0.472,NA,0.0273,0.0569,0.0332,0.0811,0.2775,0.3745,0.3916,0.1666,0.0828,0.3993
71,NRP,R1,2,H,5,3,0N,0.395,NA,0.0287,0.0614,0.0373,0.0878,0.2826,0.3733,0.3901,0.1738,0.0889,0.3977
72,NRP,R1,2,H,5,3,240N,0.996,NA,0.0213,0.0379,0.0216,0.054,0.2398,0.38,0.3968,0.1499,0.072,0.403
73,NRP,R1,2,H,5,3,60N,0.882,NA,0.0206,0.0412,0.0212,0.0562,0.2554,0.3895,0.4066,0.1482,0.0701,0.4136
74,NRP,R1,2,H,5,3,120N,0.707,NA,0.024,0.0453,0.0257,0.0625,0.2545,0.3741,0.3909,0.1559,0.0766,0.3979
75,NRP,R1,2,H,5,3,180N,0.809,NA,0.0258,0.0494,0.0294,0.07,0.2573,0.3688,0.386,0.167,0.0833,0.3943
76,NRP,R1,2,L,6,1,180N,1.005,NA,0.0288,0.0488,0.0334,0.0706,0.2387,0.3424,0.3577,0.1788,0.0967,0.3649
77,NRP,R1,2,L,6,1,240N,0.992,NA,0.031,0.0513,0.0379,0.0747,0.235,0.3317,0.3496,0.1863,0.1039,0.3562
78,NRP,R1,2,L,6,1,0N,0.509,NA,0.0329,0.0625,0.0441,0.0941,0.2712,0.3517,0.3698,0.1921,0.1038,0.3777
79,NRP,R1,2,L,6,1,120N,0.911,NA,0.0304,0.0516,0.0379,0.0777,0.2394,0.334,0.3544,0.1868,0.105,0.3602
80,NRP,R1,2,L,6,1,60N,0.702,NA,0.0355,0.0607,0.0506,0.0902,0.2372,0.3116,0.3255,0.2036,0.121,0.3385
81,NRP,R1,2,L,6,2,240N,0.82,NA,0.0277,0.0468,0.0325,0.0663,0.2417,0.3505,0.3669,0.1732,0.0896,0.3741
82,NRP,R1,2,L,6,2,120N,0.892,NA,0.0284,0.0502,0.0337,0.0724,0.2486,0.3557,0.3735,0.1767,0.0935,0.3804
83,NRP,R1,2,L,6,2,180N,0.779,NA,0.0356,0.0597,0.0478,0.0871,0.233,0.3118,0.3249,0.2024,0.1202,0.3357
84,NRP,R1,2,L,6,2,60N,0.604,NA,0.0333,0.0581,0.0424,0.0868,0.2531,0.3374,0.3562,0.1932,0.1066,0.3651
85,NRP,R1,2,L,6,2,0N,0.402,NA,0.0433,0.073,0.0635,0.1138,0.2507,0.3053,0.3237,0.2272,0.1404,0.3334
86,NRP,R1,2,L,6,3,0N,0.446,NA,0.0325,0.0644,0.0437,0.0947,0.2757,0.3539,0.369,0.19,0.1027,0.3792
87,NRP,R1,2,L,6,3,240N,1.109,NA,0.0235,0.0406,0.0263,0.0583,0.2385,0.3668,0.3833,0.1605,0.0798,0.3908
88,NRP,R1,2,L,6,3,60N,0.634,NA,0.0316,0.0562,0.0387,0.0815,0.2575,0.3513,0.3679,0.1852,0.0995,0.3764
89,NRP,R1,2,L,6,3,120N,0.574,NA,0.0298,0.0531,0.0372,0.0788,0.2486,0.3494,0.3661,0.1818,0.0967,0.3755
90,NRP,R1,2,L,6,3,180N,0.954,NA,0.0301,0.0521,0.0375,0.0765,0.244,0.3422,0.3597,0.184,0.0988,0.3694
91,NRP,R1,2,M,7,1,180N,0.99,NA,0.029,0.0503,0.0347,0.0735,0.2394,0.3423,0.3587,0.1742,0.0927,0.3701
92,NRP,R1,2,M,7,1,240N,0.842,NA,0.0294,0.0518,0.0371,0.0757,0.2387,0.3379,0.3531,0.1788,0.0965,0.3631
93,NRP,R1,2,M,7,1,0N,0.351,NA,0.0343,0.0655,0.0459,0.0994,0.2762,0.3543,0.3718,0.196,0.107,0.3806
94,NRP,R1,2,M,7,1,120N,0.883,NA,0.0294,0.0519,0.0355,0.0761,0.2457,0.3483,0.3627,0.1787,0.0966,0.3735
95,NRP,R1,2,M,7,1,60N,0.527,NA,0.0324,0.0571,0.04,0.0833,0.2553,0.3494,0.367,0.1879,0.1013,0.3754
96,NRP,R1,2,M,7,2,240N,1.013,NA,0.0271,0.0483,0.0316,0.07,0.2421,0.3527,0.3726,0.1681,0.0861,0.3806
97,NRP,R1,2,M,7,2,120N,0.794,NA,0.0304,0.0556,0.038,0.0787,0.2465,0.3421,0.3574,0.1804,0.0965,0.3684
98,NRP,R1,2,M,7,2,180N,0.934,NA,0.0219,0.0418,0.0231,0.0578,0.251,0.3852,0.4034,0.1527,0.0729,0.4095
99,NRP,R1,2,M,7,2,60N,0.643,NA,0.0322,0.0566,0.0407,0.0833,0.2504,0.3434,0.3617,0.185,0.0995,0.3716
100,NRP,R1,2,M,7,2,0N,0.488,NA,0.0342,0.0651,0.0493,0.1015,0.2737,0.3525,0.3715,0.1995,0.1098,0.3799
101,NRP,R1,2,M,7,3,0N,0.45,NA,0.0344,0.0667,0.0493,0.1019,0.272,0.3479,0.3668,0.1967,0.1075,0.3781
102,NRP,R1,2,M,7,3,240N,1.188,NA,0.0316,0.0544,0.0387,0.0792,0.2392,0.335,0.354,0.1824,0.0984,0.3649
103,NRP,R1,2,M,7,3,60N,0.847,NA,0.0332,0.0582,0.0423,0.0862,0.2488,0.3363,0.3556,0.1871,0.1025,0.3657
104,NRP,R1,2,M,7,3,120N,0.868,NA,0.0278,0.0514,0.0333,0.0733,0.2487,0.3579,0.3746,0.1749,0.0916,0.3839
105,NRP,R1,2,M,7,3,180N,1.083,NA,0.0321,0.0562,0.041,0.0822,0.2414,0.3372,0.3535,0.1883,0.1036,0.3648
106,SEB,R1,3,H,8,1,60N,0.72,NA,0.0253,0.0446,0.0285,0.065,0.2438,0.3429,0.3619,0.1633,0.0848,0.3661
107,SEB,R1,3,H,8,1,180N,0.681,NA,0.0249,0.0421,0.028,0.0615,0.2323,0.3325,0.3449,0.1613,0.0829,0.3543
108,SEB,R1,3,H,8,1,240N,0.867,NA,0.0242,0.0413,0.0267,0.0594,0.2383,0.3499,0.3632,0.156,0.0762,0.3721
109,SEB,R1,3,H,8,1,120N,0.824,NA,0.0255,0.0436,0.0306,0.0638,0.2329,0.3451,0.3501,0.1571,0.083,0.3592
110,SEB,R1,3,H,8,1,0N,0.588,NA,0.0249,0.0464,0.0299,0.0694,0.2467,0.3361,0.3488,0.1618,0.0838,0.3577
111,SEB,R1,3,H,8,2,0N,0.62,NA,0.0261,0.0478,0.0331,0.073,0.2494,0.3427,0.3585,0.1618,0.081,0.3675
112,SEB,R1,3,H,8,2,240N,0.851,NA,0.0225,0.0393,0.0252,0.0577,0.2296,0.3474,0.3603,0.15,0.0738,0.3694
113,SEB,R1,3,H,8,2,120N,0.78,NA,0.0238,0.0414,0.0255,0.0605,0.244,0.3662,0.3782,0.1517,0.0718,0.3828
114,SEB,R1,3,H,8,2,180N,0.945,NA,0.0243,0.0408,0.0267,0.0593,0.2359,0.3533,0.3702,0.1568,0.0786,0.3758
115,SEB,R1,3,H,8,2,60N,0.562,NA,0.0224,0.0417,0.0257,0.0601,0.2469,0.3631,0.3749,0.1515,0.0716,0.3834
116,SEB,R1,3,H,8,3,180N,0.795,NA,0.0218,0.0391,0.0239,0.0567,0.2357,0.3589,0.374,0.1502,0.0718,0.3815
117,SEB,R1,3,H,8,3,120N,0.787,NA,0.024,0.0415,0.0281,0.061,0.2312,0.3372,0.3471,0.1541,0.0771,0.3584
118,SEB,R1,3,H,8,3,60N,0.839,NA,0.0228,0.0417,0.0255,0.0612,0.2423,0.3544,0.3686,0.1523,0.0734,0.3736
119,SEB,R1,3,H,8,3,0N,0.565,NA,0.0238,0.0432,0.0262,0.0638,0.2495,0.3609,0.3741,0.1516,0.0721,0.3831
120,SEB,R1,3,H,8,3,240N,0.946,NA,0.021,0.0367,0.0224,0.052,0.2339,0.3641,0.3758,0.147,0.068,0.3822
121,SEB,R1,3,L,9,1,60N,0.588,NA,0.0247,0.0439,0.0305,0.0647,0.2239,0.3103,0.3236,0.1655,0.0904,0.3362
122,SEB,R1,3,L,9,1,180N,0.877,NA,0.0243,0.0393,0.0268,0.0582,0.2194,0.3164,0.3332,0.1628,0.085,0.3397
123,SEB,R1,3,L,9,1,240N,0.899,NA,0.0229,0.0388,0.0264,0.0567,0.2188,0.3191,0.3339,0.1616,0.0847,0.3392
124,SEB,R1,3,L,9,1,120N,0.899,NA,0.0264,0.0438,0.033,0.0653,0.2192,0.3061,0.3191,0.1734,0.0987,0.3315
125,SEB,R1,3,L,9,1,0N,0.555,NA,0.0257,0.0464,0.032,0.0717,0.237,0.3244,0.3388,0.1739,0.0969,0.3474
126,SEB,R1,3,L,9,2,0N,0.599,NA,0.0267,0.0468,0.0322,0.0701,0.2341,0.3181,0.3307,0.1715,0.0919,0.3398
127,SEB,R1,3,L,9,2,240N,0.935,NA,0.0234,0.0382,0.026,0.0571,0.2201,0.319,0.3335,0.1636,0.0841,0.3446
128,SEB,R1,3,L,9,2,120N,0.759,NA,0.024,0.0414,0.0283,0.0601,0.2222,0.3182,0.3291,0.1646,0.0881,0.3401
129,SEB,R1,3,L,9,2,180N,0.703,NA,0.0224,0.0402,0.0253,0.0581,0.2275,0.3312,0.3486,0.163,0.0832,0.353
130,SEB,R1,3,L,9,2,60N,0.678,NA,0.0249,0.0427,0.0287,0.0621,0.2262,0.3202,0.3321,0.1641,0.0864,0.3424
131,SEB,R1,3,L,9,3,180N,0.764,NA,0.0241,0.0418,0.0297,0.0619,0.2237,0.3245,0.3358,0.1693,0.0901,0.3451
132,SEB,R1,3,L,9,3,120N,0.711,NA,0.0241,0.0394,0.0283,0.0592,0.2178,0.313,0.3257,0.1629,0.0866,0.3359
133,SEB,R1,3,L,9,3,60N,0.685,NA,0.0251,0.043,0.0314,0.0649,0.22,0.3061,0.3211,0.1724,0.096,0.3294
134,SEB,R1,3,L,9,3,0N,0.273,NA,0.0292,0.0515,0.0371,0.0791,0.239,0.3144,0.3283,0.1804,0.1034,0.3373
135,SEB,R1,3,L,9,3,240N,0.78,NA,0.0239,0.0405,0.0264,0.0563,0.2225,0.3232,0.337,0.1612,0.0839,0.3471
136,SEB,R1,4,H,10,1,0N,0.685,NA,0.0134,0.0381,0.0227,0.0568,0.2396,0.3256,0.3394,0.1407,0.066,0.3484
137,SEB,R1,4,H,10,1,180N,1.118,NA,0.0122,0.0318,0.0179,0.0463,0.2321,0.3385,0.3548,0.1312,0.0598,0.3637
138,SEB,R1,4,H,10,1,240N,1.261,NA,0.0125,0.0324,0.0189,0.0487,0.2335,0.3385,0.3527,0.1343,0.0621,0.364
139,SEB,R1,4,H,10,1,120N,1.156,NA,0.0124,0.0314,0.0178,0.0469,0.2328,0.3396,0.3559,0.1335,0.0599,0.3639
140,SEB,R1,4,H,10,1,60N,0.995,NA,0.0125,0.0331,0.0197,0.05,0.2352,0.3338,0.3453,0.1344,0.0609,0.3587
141,SEB,R1,4,H,10,2,60N,0.898,NA,0.0131,0.0335,0.019,0.0495,0.2358,0.338,0.3522,0.133,0.0595,0.363
142,SEB,R1,4,H,10,2,240N,0.734,NA,0.0112,0.0309,0.0176,0.0463,0.2336,0.3422,0.3568,0.1311,0.0589,0.3672
143,SEB,R1,4,H,10,2,120N,1.111,NA,0.012,0.032,0.0185,0.0467,0.2311,0.3322,0.3467,0.1339,0.0612,0.3574
144,SEB,R1,4,H,10,2,180N,1.083,NA,0.0124,0.0317,0.0185,0.0473,0.2336,0.3404,0.3558,0.1345,0.0605,0.3677
145,SEB,R1,4,H,10,2,0N,0.955,NA,0.0116,0.0343,0.0192,0.0508,0.2386,0.3342,0.3497,0.1364,0.0617,0.3605
146,SEB,R1,4,H,10,3,180N,0.892,NA,0.0118,0.0316,0.0178,0.0456,0.2358,0.3472,0.362,0.1312,0.0574,0.3734
147,SEB,R1,4,H,10,3,120N,0.909,NA,0.0118,0.0311,0.0177,0.0471,0.2347,0.3407,0.3573,0.1318,0.058,0.3679
148,SEB,R1,4,H,10,3,60N,1.154,NA,0.0135,0.034,0.0198,0.05,0.2353,0.3316,0.3441,0.1357,0.0625,0.3566
149,SEB,R1,4,H,10,3,0N,1.027,NA,0.0145,0.0362,0.0216,0.0554,0.2364,0.3218,0.3367,0.1398,0.0662,0.3453
150,SEB,R1,4,H,10,3,240N,0.6,NA,0.0108,0.0313,0.0169,0.0447,0.2373,0.3516,0.3702,0.1297,0.057,0.378
156,SEB,R1,4,L,11,4,180N,1.116,NA,0.0128,0.0332,0.0191,0.0503,0.2358,0.3349,0.3477,0.1375,0.0633,0.359
157,SEB,R1,4,L,11,2,60N,1.169,NA,0.0154,0.0389,0.0229,0.0562,0.2347,0.3156,0.3275,0.1451,0.0698,0.3408
158,SEB,R1,4,L,11,2,240N,0.764,NA,0.0145,0.0376,0.0227,0.0561,0.2311,0.3167,0.3263,0.1431,0.0696,0.338
159,SEB,R1,4,L,11,2,120N,1.029,NA,0.0148,0.0381,0.0232,0.0567,0.2309,0.3121,0.3239,0.144,0.0711,0.3366
160,SEB,R1,4,L,11,2,180N,1.256,NA,0.0152,0.0382,0.0234,0.0585,0.2286,0.3083,0.3197,0.1458,0.0731,0.3289
161,SEB,R1,4,L,11,2,0N,0.901,NA,0.0173,0.0431,0.0275,0.0658,0.2259,0.2952,0.3035,0.1539,0.0799,0.3148
162,SEB,R1,4,L,11,4,0N,1.147,NA,0.0166,0.0391,0.0244,0.0594,0.233,0.3138,0.3275,0.1492,0.0734,0.3367
163,SEB,R1,4,L,11,4,240N,1.279,NA,0.0127,0.033,0.0192,0.048,0.2318,0.3362,0.35,0.139,0.0642,0.3608
164,SEB,R1,4,L,11,4,60N,0.824,NA,0.0142,0.0351,0.0208,0.0516,0.2356,0.3316,0.3444,0.141,0.0654,0.3541
165,SEB,R1,4,L,11,4,120N,1.006,NA,0.0135,0.0347,0.0194,0.0519,0.2395,0.3387,0.3578,0.1386,0.0631,0.3621
166,SEB,R1,4,L,11,3,180N,1.076,NA,0.0136,0.0346,0.0202,0.0511,0.2337,0.3307,0.3447,0.1401,0.0652,0.3566
167,SEB,R1,4,L,11,3,120N,1.087,NA,0.0152,0.0384,0.0222,0.057,0.2318,0.3137,0.3253,0.1476,0.0724,0.3368
168,SEB,R1,4,L,11,3,60N,0.98,NA,0.015,0.0391,0.0245,0.0598,0.2335,0.3088,0.3229,0.1494,0.0752,0.3322
169,SEB,R1,4,L,11,3,0N,0.776,NA,0.0157,0.0407,0.0253,0.0637,0.2278,0.2974,0.3108,0.1517,0.078,0.317
170,SEB,R1,4,L,11,3,240N,1.315,NA,0.015,0.0384,0.0236,0.057,0.2319,0.315,0.329,0.1491,0.0754,0.3387
